ID,SMILES,pEC50
CHEMBL1358,C[C@]12CC[C@@H]3c4ccc(O)cc4C[C@@H](CCCCCCCCC[S+]([O-])CCCC(F)(F)C(F)(F)F)[C@H]3[C@@H]1CC[C@@H]2O,5.709965388637482
CHEMBL1428,COCCOC(=O)C1=C(C)NC(C)=C(C(=O)OC(C)C)C1c1cccc([N+](=O)[O-])c1,6.4089353929735005
CHEMBL1445606,Cc1ccc(SC(=O)c2c(C)noc2-c2cc(C)on2)cc1,6.070581074285707
CHEMBL1617,CO[C@H]1/C=C/O[C@@]2(C)Oc3c(C)c(O)c4c(O)c(c5c(nc6cc(C)ccn65)c4c3C2=O)NC(=O)/C(C)=C\C=C\[C@H](C)[C@H](O)[C@@H](C)[C@@H](O)[C@@H](C)[C@H](OC(C)=O)[C@@H]1C,5.3979400086720375
CHEMBL2028663,CC(C)(C)c1nc(-c2cccc(NS(=O)(=O)c3c(F)cccc3F)c2F)c(-c2ccnc(N)n2)s1,7.086186147616283
CHEMBL2107430,Fc1ccc(C(c2ccccc2)(c2ccccc2F)n2ccnc2)cc1,5.214670164989233
CHEMBL2326845,CCN(c1ccc(C(O)(C(F)(F)F)C(F)(F)F)cc1)S(=O)(=O)c1ccccc1,7.4089353929735005
CHEMBL282489,CC[C@@H]1Cc2cc(O)ccc2C2=C1c1ccc(O)cc1C[C@H]2CC,5.0655015487564325
CHEMBL306764,CCCn1c(C)c(C(=O)c2cccc3ccccc23)c2ccccc21,5.578396073130169
CHEMBL30707,O=c1oc2cc(O)ccc2c2oc3cc(O)ccc3c12,4.920818753952375
CHEMBL3086045,Cc1ccccc1[C@H]1C[C@@H](NCc2ccc(Cl)cc2)CC[C@@H]1C(=O)N1CC(c2ccccc2)(c2ccccc2)C1,4.823908740944319
CHEMBL3094367,N#Cc1ccc(S(=O)(=O)N(CC(F)(F)F)c2ccc(C(O)(C(F)(F)F)C(F)(F)F)cc2)cc1,6.243363891754152
CHEMBL3094369,O=S(=O)(c1ccc(F)cc1)N(CC(F)(F)F)c1ccc(C(O)(C(F)(F)F)C(F)(F)F)cc1,6.7121982700697735
CHEMBL3105681,CCS(=O)(=O)c1ccc(CC(=O)Nc2nc(-c3cccc(Cl)c3)c(C(=O)c3ccccc3Cl)s2)cc1,6.585026652029182
CHEMBL3122141,CC(C)[C@H](C)CC[C@@H](C)[C@H]1CCC2=C3CC[C@H]4[C@H](C)[C@H](O)CC[C@]4(C)[C@H]3CC[C@@]21C,4.7447274948966935
CHEMBL3122144,C=C1[C@@H](O)CC[C@@]2(C)[C@H]1CCC1=C3CC[C@H]([C@H](C)CCC=C(C)C)[C@@]3(C)CC[C@@H]12,4.6777807052660805
CHEMBL3188597,O=C(O)CCNc1cc(N2CCc3ccccc3CC2)nc(-c2ccccn2)n1,4.301029995663981
CHEMBL3263710,CC(C)CN(Cc1ccc(-c2ccc(S(C)(=O)=O)cc2)cc1)S(=O)(=O)Cc1ccccc1,5.261439372640169
CHEMBL3287132,Cc1c(-c2ccc(O)c(O)c2)[nH]c2ccc(O)cc12,4.958607314841775
CHEMBL3287136,Cc1c(-c2ccc(O)c(O)c2)[nH]c2ccc(OCCCO)cc12,4.853871964321762
CHEMBL3314003,O=C(Nc1ccc2c(c1)N(S(=O)(=O)c1ccc(F)cc1)CCC2)c1c(F)cccc1Cl,6.086186147616283
CHEMBL3317833,CC(=O)N1CCN(c2ccc(CN(CC(C)C)S(=O)(=O)Cc3ccccc3)cc2)CC1,5.0
CHEMBL3317836,CC(=O)N1CCN(c2ccc(CN(C3CCC3)S(=O)(=O)Cc3ccccc3)cc2)CC1,5.0
CHEMBL3317840,CC(=O)N1CCN(c2ccc(CN(C(C)C)S(=O)(=O)Cc3ccccc3)cc2)CC1,5.0
CHEMBL3317843,CC(=O)N1CCN(c2ccc(CN(CC(F)(F)F)S(=O)(=O)Cc3ccccc3)cc2)CC1,5.0
CHEMBL3361050,CC(C)CN(Cc1ccccc1C(F)(F)F)S(=O)(=O)c1ccc(NC2CCN(S(C)(=O)=O)CC2)cc1,5.0
CHEMBL3361051,CC(C)CN(c1ccccc1C(F)(F)F)S(=O)(=O)c1ccc(NC2CCN(S(C)(=O)=O)CC2)cc1,5.0
CHEMBL3361058,CC(C)CN(c1ccc(F)cc1)S(=O)(=O)c1ccc(OC2CCN(S(C)(=O)=O)CC2)cc1,5.0
CHEMBL3361061,CC(C)CN(c1ccc(C#N)cc1)S(=O)(=O)c1ccc(OC2CCN(S(C)(=O)=O)CC2)cc1,5.0
CHEMBL3361064,CC(C)CN(Cc1ccccc1C(F)(F)F)S(=O)(=O)c1ccc(OC2CCN(S(C)(=O)=O)CC2)cn1,5.0
CHEMBL3596270,O=C(O)c1ccc(-c2nc(C(=O)c3c(Cl)cccc3C(F)(F)F)n3c2CCCC3)c(F)c1,5.0
CHEMBL3596276,O=C(O)c1ccc(-c2nc(C(=O)c3c(Cl)cccc3C3CC3)n3c2CCCC3)c(F)c1,5.0
CHEMBL3596279,O=C(O)c1ccc(-c2nc(C(=O)c3c(Cl)cccc3C3CC3)n3cccnc23)cc1O,5.0
CHEMBL3598141,O=C(O)c1ccc(-c2nc(C(=O)c3c(Cl)cccc3C(F)(F)F)n3ccccc23)cc1,5.0
CHEMBL3598148,O=C(O)c1ccc(-c2nc(C(=O)c3c(Cl)cccc3C(F)(F)F)n3ccccc23)cc1O,5.0
CHEMBL3598149,O=C(O)c1ccc(-c2nc(C(=O)c3c(Cl)cccc3C(F)(F)F)n3ccccc23)c(F)c1,5.0
CHEMBL3617295,O=C(Nc1ccc2c(c1)N(S(=O)(=O)c1ccc(F)cc1)CCC2)c1c(F)cccc1F,5.958607314841775
CHEMBL3617297,O=C(Nc1ccc2c(c1)N(S(=O)(=O)c1ccc(F)cc1)CC2)c1c(F)cccc1F,5.318758762624412
CHEMBL3617309,O=C(Nc1ccc2c(c1)N(S(=O)(=O)c1ccc(F)cc1)CCC2)c1ccccc1Cl,6.026872146400302
CHEMBL3632924,CC/C(=C(/CC)c1ccc(OCCO)cc1)c1ccc(OCCO)cc1,4.562249437179612
CHEMBL3643413,CCC(=O)N1CC[C@H](Nc2ncnc3c2CN(c2cnc(OC)c(C(F)(F)F)c2)CC3)C1,4.522878745280337
CHEMBL374478,CO[C@H]1/C=C/O[C@@]2(C)Oc3c(C)c(O)c4c(O)c(c(/C=N/N5CCN(C)CC5)c(O)c4c3C2=O)NC(=O)/C(C)=C\C=C\[C@H](C)[C@H](O)[C@@H](C)[C@@H](O)[C@@H](C)[C@H](OC(C)=O)[C@@H]1C,6.077659464119701
CHEMBL3781062,C[Si](C)(O)c1ccc(N(CC(F)(F)F)S(=O)(=O)c2ccccc2)cc1,6.128088389198124
CHEMBL3822473,COc1cccc(-c2nc(OC)c3ccccc3n2)c1,5.522878745280337
CHEMBL3822867,COc1cccc(-c2nc(SC)c3ccccc3n2)c1,5.455931955649724
CHEMBL3823873,COc1cccc(-c2nc3ccccc3c(=S)[nH]2)c1,6.0655015487564325
CHEMBL3945199,CC(C)(O)c1cn(-c2ccc(-c3cc(F)c(CO)c(S(C)(=O)=O)c3)cc2F)c(C(C)(C)c2c(Cl)cccc2Cl)n1,6.0
CHEMBL3953927,CC(C)(O)c1cn(-c2ccc(-c3cc(F)c(CO)c(S(C)(=O)=O)c3)cc2)c(C(C)(C)c2cccc(F)c2Cl)n1,5.522878745280337
CHEMBL411,CC/C(=C(/CC)c1ccc(O)cc1)c1ccc(O)cc1,4.835647144215563
CHEMBL4162171,C/C(=C\c1ccc2c(c1)N(S(=O)(=O)c1cccc(C(F)(F)F)c1)C[C@H](CCC(=O)O)O2)c1c(F)cccc1Cl,5.0
CHEMBL4172843,O=C(O)CC[C@H]1CN(S(=O)(=O)c2cccc(C(F)(F)F)c2)c2cc(/C=C/c3c(Cl)cccc3C(F)(F)F)ccc2O1,5.698970004336019
CHEMBL4239055,CCN(c1ccc([Si](C)(C)O)cc1)S(=O)(=O)c1ccccc1,5.721246399047171
CHEMBL4242807,C[Si](C)(O)c1ccc(N(Cc2ccccc2)S(=O)(=O)c2ccccc2)cc1,5.494850021680094
CHEMBL4243206,C[Si](C)(O)c1ccc(N(CCc2ccccc2)S(=O)(=O)c2ccccc2)cc1,4.853871964321762
CHEMBL4243271,CN(c1ccc([Si](C)(C)O)cc1)S(=O)(=O)c1ccccc1,5.468521082957745
CHEMBL4246995,COC(=O)CN(c1ccc([Si](C)(C)O)cc1)S(=O)(=O)c1ccccc1,5.853871964321762
CHEMBL4247044,CCCCN(c1ccc([Si](C)(C)O)cc1)S(=O)(=O)c1ccccc1,5.187086643357144
CHEMBL4247454,COCCN(c1ccc([Si](C)(C)O)cc1)S(=O)(=O)c1ccccc1,5.376750709602099
CHEMBL4249586,C[Si](C)(O)c1ccc(NS(=O)(=O)c2ccccc2)cc1,5.619788758288394
CHEMBL4303308,O=C(O)CCNc1cc(N2CCc3ccccc3CC2)nc(-c2cccnc2)n1,5.0
CHEMBL4435054,CC(C)N(C)Cc1cccc(F)c1CNc1cc(F)c(S(=O)(=O)Nc2cscn2)c(F)c1,5.3872161432802645
CHEMBL4439746,Clc1ccc(-c2nc3occn3c2/C=N/OCc2ccc(Cl)c(Cl)c2)cc1,5.886056647693163
CHEMBL4444000,O=S(=O)(Nc1cscn1)c1cc(Cl)c(NCc2c(F)cccc2CN2CCC2)cc1F,5.508638306165727
CHEMBL4445144,COc1ccc(F)c([C@H](C)Nc2cc(F)c(S(=O)(=O)Nc3cscn3)cc2Cl)c1,5.774690718274137
CHEMBL4448084,CC1(C)CCN1Cc1cccc(F)c1CNc1cc(F)c(S(=O)(=O)Nc2cscn2)cc1Cl,5.318758762624412
CHEMBL4449508,FC(F)(F)c1ccc(CO/N=C/c2c(-c3ccc4ccccc4c3)nc3occn23)cc1,5.698970004336019
CHEMBL4455701,CC1(C)CCC(C)(C)c2cc(-c3nc4sccn4c3/C=N/OCc3ccc(Cl)c(Cl)c3)ccc21,5.443697499232712
CHEMBL4457973,C[C@H](Nc1cc(F)c(S(=O)(=O)Nc2nccs2)cc1Cl)c1cccnc1,5.522878745280337
CHEMBL4459170,C[C@H](Nc1cc(F)c(S(=O)(=O)Nc2cscn2)c(F)c1)c1cc(C#N)ccc1F,6.200659450546418
CHEMBL4460028,CC1(C)CCN1Cc1cccc(F)c1CNc1cc(F)c(S(=O)(=O)Nc2cscn2)c(F)c1,4.928117992693875
CHEMBL4465050,Clc1ccc(CO/N=C/c2c(-c3ccc4ccccc4c3)nc3occn23)cc1Cl,5.229147988357856
CHEMBL4466858,C[C@H](Nc1cc(F)c(S(=O)(=O)Nc2cscn2)c(F)c1)c1ccccc1F,6.6020599913279625
CHEMBL4471825,CN(Cc1cccc(F)c1CNc1cc(F)c(S(=O)(=O)Nc2cscn2)c(F)c1)C(C)(C)C,5.026872146400302
CHEMBL4472508,CC(C)(C[C@H]1CN(S(=O)(=O)c2cccc(C(F)(F)F)c2)c2cc(-c3cc(F)cc(OC(F)F)c3)ccc2O1)C(=O)O,5.096910013008056
CHEMBL4473036,Clc1ccc(CO/N=C/c2c(-c3ccc(-c4ccccc4)cc3)nc3sccn23)cc1Cl,4.2441251443275085
CHEMBL45281,CCCN(CC1CC1)c1nc(C)nc(Nc2c(Cl)cc(Cl)cc2Cl)c1Cl,5.305394801066432
CHEMBL4529272,COc1ccc(F)c([C@H](C)Nc2cc(F)c(S(=O)(=O)Nc3cscn3)c(F)c2)c1,5.610833915635467
CHEMBL4530743,C[C@H](Nc1cc(F)c(S(=O)(=O)Nc2nccs2)cc1Cl)c1ccc(F)cc1F,6.376750709602099
CHEMBL4544968,COC[C@H](Nc1cc(F)c(S(=O)(=O)Nc2nccs2)cc1Cl)c1ccccc1,6.376750709602099
CHEMBL4558113,C[C@H](Nc1cc(F)c(S(=O)(=O)Nc2cscn2)cc1Cl)c1cc(CN2CCC2)ccc1F,4.698970004336019
CHEMBL4576432,C(=N/OCc1ccccc1)\c1c(-c2ccc3ccccc3c2)nc2occn12,5.136677139879544
CHEMBL4580996,C[C@H](Nc1cc(F)c(S(=O)(=O)Nc2cscn2)cc1Cl)c1cc(F)ccc1F,6.3979400086720375
CHEMBL4584424,C(=N/OCc1ccc(Oc2ccccc2)cc1)\c1c(-c2ccc3ccccc3c2)nc2occn12,5.958607314841775
CHEMBL4585141,O=S(=O)(Nc1cscn1)c1cc(Cl)c(NCc2cc(CN3CCC3)ccc2F)cc1F,4.698970004336019
CHEMBL458603,Clc1ccc(-c2nc3sccn3c2/C=N/OCc2ccc(Cl)c(Cl)c2)cc1,6.00436480540245
CHEMBL458767,CCOP(=O)(OCC)C(=Cc1cc(C(C)(C)C)c(O)c(C(C)(C)C)c1)P(=O)(OCC)OCC,7.159379381312206
CHEMBL4758064,CC[C@H]1[C@@H](O)[C@@H]2[C@H]([C@@H](O)C[C@]3(C)[C@@H]([C@H](C)CCC(=O)O)CC[C@@H]23)[C@@]2(C)CC[C@@H](O)C[C@@H]12,4.0
CHEMBL4846130,O=C(O)CC[C@H]1CN(S(=O)(=O)c2cccc(C(F)(F)F)c2)c2cc(-c3cc(F)cc(F)c3)ccc2O1,5.0
CHEMBL4846228,COc1ccc(C#N)cc1-n1nnc(S(=O)(=O)c2ccc(C(C)(C)C)cc2)c1C,6.823908740944319
CHEMBL4846389,O=C(O)CC[C@H]1CN(S(=O)(=O)c2cccc(C(F)(F)F)c2)c2cc(/C=C/c3ccc(Cl)cc3F)ccc2O1,5.0
CHEMBL4846510,O=C(O)CC[C@H]1CN(S(=O)(=O)c2cccc(C(F)(F)F)c2)c2cc(-c3cc(F)cc(OC(F)F)c3)ccc2O1,5.0
CHEMBL4846575,O=C(O)C1(C[C@H]2CN(S(=O)(=O)c3cccc(C(F)(F)F)c3)c3cc(-c4cc(F)ccc4F)ccc3O2)COC1,4.7447274948966935
CHEMBL4846685,C/C(=C\c1ccc2c(c1)N(S(=O)(=O)c1cccc(C(F)(F)F)c1)C[C@H](CCC(=O)O)O2)c1c(Cl)cccc1Cl,5.0
CHEMBL4847225,COc1ccc(CO)cc1-n1nnc(S(=O)(=O)c2ccc(C(C)(C)C)cc2)c1C,5.698970004336019
CHEMBL4847229,CC(C)(C[C@H]1CN(S(=O)(=O)c2cccc(C(F)(F)F)c2)c2cc(-c3cccc(Cl)c3F)ccc2O1)C(=O)O,5.0
CHEMBL4847760,C/C(=C\c1ccc2c(c1)N(S(=O)(=O)c1cccc(C(F)(F)F)c1)C[C@H](CCC(=O)O)O2)c1ccccc1C(F)(F)F,5.0
CHEMBL4848784,C/C(=C\c1ccc2c(c1)N(S(=O)(=O)c1cccc(OC(F)F)c1)C[C@H](CCC(=O)O)O2)c1c(F)cccc1Cl,5.040958607678906
CHEMBL4849908,COc1ccc(OC)c(-n2nnc(S(=O)(=O)c3ccc(C(C)(C)C)cc3)c2C#N)c1,5.619788758288394
CHEMBL4849989,O=C(O)CC[C@H]1CN(S(=O)(=O)c2cccc(C(F)(F)F)c2)c2cc(-c3cccc(F)c3)ccc2O1,5.0
CHEMBL4849995,O=C(O)C1(C[C@H]2CN(S(=O)(=O)c3cccc(C(F)(F)F)c3)c3cc(-c4cccc(Cl)c4F)ccc3O2)CCOCC1,5.0
CHEMBL4850074,COc1ccc(C(F)(F)F)cc1-n1nnc(S(=O)(=O)c2ccc(C(C)(C)C)cc2)c1C,5.995678626217358
CHEMBL4850323,COc1ccc(Cl)cc1-n1cc(S(=O)(=O)c2ccc(C(C)(C)C)cc2)nn1,4.978810700930062
CHEMBL4850664,COc1ccc(OC)c(-n2nnc(S(=O)(=O)c3ccc(C(C)(C)C)cc3)c2N)c1,5.769551078621726
CHEMBL4851214,O=C(O)CC[C@H]1CN(S(=O)(=O)c2cccc(C(F)(F)F)c2)c2cc(-c3cccc(Cl)c3)ccc2O1,5.0
CHEMBL4851763,CCc1c(S(=O)(=O)c2ccc(C(C)(C)C)cc2)nnn1-c1cc(C)ccc1OC,6.096910013008056
CHEMBL4852446,CCc1c(S(=O)(=O)c2ccc(C(C)(C)C)cc2)nnn1-c1cc(OC)ccc1OC,6.301029995663981
CHEMBL4853314,COc1cc(C#N)c(C)cc1-n1nnc(S(=O)(=O)c2ccc(C(C)(C)C)cc2)c1C,5.3979400086720375
CHEMBL4853694,CCCCOC(C)(C)c1ccc(S(=O)(=O)c2nnn(-c3cc(OC)ccc3OC)c2C)cc1,6.235863111416478
CHEMBL4854926,O=S(=O)(c1cccc(C(F)(F)F)c1)N1C[C@H](CC2(CO)COC2)Oc2ccc(Br)cc21,5.0
CHEMBL4855078,COC(=O)c1cc(OC)c(-n2nnc(S(=O)(=O)c3ccc(C(C)(C)C)cc3)c2C)cc1Cl,5.0
CHEMBL4855415,CCOc1nn2c(c1S(=O)(=O)N1C[C@H](CCC(=O)O)Oc3ccc(/C=C(\C)c4c(F)cccc4Cl)cc31)CCCC2,5.0
CHEMBL4855978,COc1ccc(OC)c(-n2cc(S(=O)(=O)c3ccc(C(C)(C)C)cc3)nn2)c1,5.468521082957745
CHEMBL4856642,O=C(O)C1(C[C@H]2CN(S(=O)(=O)c3cccc(C(F)(F)F)c3)c3cc(-c4cc(F)cc(OC(F)F)c4)ccc3O2)COC1,5.262807357295263
CHEMBL4857525,COc1ccc(Br)cc1-n1nnc(S(=O)(=O)c2ccc(C(C)(C)C)cc2)c1C,6.9604093769761874
CHEMBL4858163,COC(=O)c1cc(OC)c(-n2nnc(S(=O)(=O)c3ccc(C(C)(C)C)cc3)c2C)cc1C,5.221848749616356
CHEMBL4858627,COc1ccc(C)cc1-n1cc(S(=O)(=O)c2ccc(C(C)(C)C)cc2)nn1,5.301029995663981
CHEMBL4858971,O=C(O)[C@@H](O)CC[C@H]1CN(S(=O)(=O)c2cccc(C(F)(F)F)c2)c2cc(-c3cc(F)ccc3F)ccc2O1,5.0
CHEMBL4859314,COc1ccc(OC)c(-n2nnc(S(=O)(=O)c3ccc(C(C)(C)OC)cc3)c2C)c1,6.018106086327222
CHEMBL4859334,COc1cc(C(C)=O)c(C)cc1-n1nnc(S(=O)(=O)c2ccc(C(C)(C)C)cc2)c1C,5.045757490560675
CHEMBL4859771,C[C@@H](C[C@H]1CN(S(=O)(=O)c2cccc(C(F)(F)F)c2)c2cc(-c3cc(F)ccc3F)ccc2O1)C(=O)O,5.0
CHEMBL4859796,O=C(O)CC[C@H]1CN(S(=O)(=O)c2cccc(C(F)(F)F)c2)c2cc(-c3cccc(OC(F)F)c3)ccc2O1,5.0
CHEMBL4859899,CCc1c(S(=O)(=O)c2ccc(C(C)(C)C)cc2)nnn1-c1cc(Cl)ccc1OC,6.017728766960431
CHEMBL4860324,COc1cccc(-c2ccc3c(c2)N(S(=O)(=O)c2cccc(C(F)(F)F)c2)C[C@H](CCC(=O)O)O3)c1,5.0
CHEMBL4861064,O=C(O)CC[C@H]1CN(S(=O)(=O)c2cccc(C(F)(F)F)c2)c2cc(-c3cc(F)ccc3Cl)ccc2O1,5.0
CHEMBL4862004,COc1cc(F)cc(-c2ccc3c(c2)N(S(=O)(=O)c2cccc(C(F)(F)F)c2)C[C@H](CCC(=O)O)O3)c1,5.0
CHEMBL4862913,COc1ccccc1/C(C)=C/c1ccc2c(c1)N(S(=O)(=O)c1cccc(C(F)(F)F)c1)C[C@H](CCC(=O)O)O2,5.0
CHEMBL4863215,COc1ccc(OC)c(-n2nnc(S(=O)(=O)c3ccc(C(C)(C)C)cc3)c2C)c1,7.110924374808178
CHEMBL4864871,O=C(O)CC[C@H]1CN(S(=O)(=O)c2cccc(C(F)(F)F)c2)c2cc(-c3cc(F)ccc3F)ccc2O1,5.0
CHEMBL4865225,COc1cc(S(=O)(=O)N2C[C@H](CCC(=O)O)Oc3ccc(/C=C(\C)c4c(F)cccc4Cl)cc32)ccc1F,5.0
CHEMBL4865235,Cc1ccc(/C=C/c2ccc3c(c2)N(S(=O)(=O)c2cccc(C(F)(F)F)c2)C[C@H](CCC(=O)O)O3)cc1,5.0
CHEMBL4865657,CC(C)(C[C@H]1CN(S(=O)(=O)c2cccc(C(F)(F)F)c2)c2cc(-c3cc(F)ccc3F)ccc2O1)C(=O)O,5.0
CHEMBL4865738,COc1cc(C)c(Cl)cc1-n1nnc(S(=O)(=O)c2ccc(C(C)(C)C)cc2)c1C,5.638272163982407
CHEMBL4866161,C/C(=C\c1ccc2c(c1)N(S(=O)(=O)c1cccc(C(F)(F)F)c1)C[C@H](CCC(=O)O)O2)c1ccccc1C,5.301029995663981
CHEMBL4868432,O=C(O)CC[C@H]1CN(S(=O)(=O)c2cccc(C(F)(F)F)c2)c2cc(/C=C/c3c(F)cccc3Cl)ccc2O1,5.0
CHEMBL4868437,O=C(O)C1(C[C@H]2CN(S(=O)(=O)c3cccc(C(F)(F)F)c3)c3cc(-c4cc(F)ccc4F)ccc3O2)CCOCC1,5.0
CHEMBL4868679,C/C(=C\c1ccc2c(c1)N(S(=O)(=O)c1c(OCCO)nn3c1CCCC3)C[C@H](CCC(=O)O)O2)c1c(F)cccc1Cl,5.0
CHEMBL4868786,COc1cc(F)c(C)cc1-n1nnc(S(=O)(=O)c2ccc(C(C)(C)C)cc2)c1C,6.154901959985743
CHEMBL4868841,COc1ccc(F)cc1-n1nnc(S(=O)(=O)c2ccc(C(C)(C)C)cc2)c1C,6.154901959985743
CHEMBL4869462,COc1cc(-n2nnc(S(=O)(=O)c3ccc(C(C)(C)C)cc3)c2C)c(OC)cc1F,5.698970004336019
CHEMBL4869479,CC(C)c1ccc(-c2ccc3c(c2)N(S(=O)(=O)c2cccc(C(F)(F)F)c2)C[C@H](CCC(=O)O)O3)cc1,5.0
CHEMBL4869567,O=C(O)C1(C[C@H]2CN(S(=O)(=O)c3cccc(C(F)(F)F)c3)c3cc(-c4cc(F)cc(OC(F)F)c4)ccc3O2)CCOCC1,4.886056647693163
CHEMBL4869913,COc1cc(Cl)c(C)cc1-n1nnc(S(=O)(=O)c2ccc(C(C)(C)C)cc2)c1C,5.698970004336019
CHEMBL4870074,C[C@H](C[C@H]1CN(S(=O)(=O)c2cccc(C(F)(F)F)c2)c2cc(-c3cc(F)ccc3F)ccc2O1)C(=O)O,5.0
CHEMBL4871664,COc1ccc(Cl)cc1-n1nnc(S(=O)(=O)c2ccc(C(C)(C)C)cc2)c1N,5.356547323513812
CHEMBL4871806,COc1ccccc1-n1nnc(S(=O)(=O)c2ccc(C(C)(C)C)cc2)c1C,6.0
CHEMBL4872624,COc1cc(C#N)c(Cl)cc1-n1nnc(S(=O)(=O)c2ccc(C(C)(C)C)cc2)c1C,5.468521082957745
CHEMBL4873257,O=C(O)CC[C@H]1CN(S(=O)(=O)c2cccc(C(F)(F)F)c2)c2cc(-c3cccc(OCCO)c3)ccc2O1,5.0
CHEMBL4873783,C/C(=C\c1ccc2c(c1)N(S(=O)(=O)c1ccc(F)c(C3CC3)c1)C[C@H](CCC(=O)O)O2)c1c(F)cccc1Cl,5.173925197299173
CHEMBL4873947,COc1ccc(C)cc1-n1nnc(S(=O)(=O)c2ccc(C(C)(C)C)cc2)c1N,5.481486060122113
CHEMBL4874083,COc1ccc(C)cc1-n1nnc(S(=O)(=O)c2ccc(C(C)(C)C)cc2)c1C,5.698970004336019
CHEMBL4874524,O=C(O)CC[C@H]1CN(S(=O)(=O)c2cccc(C(F)(F)F)c2)c2cc(-c3ccccc3Cl)ccc2O1,5.0
CHEMBL4874647,O=C(O)CC[C@H]1CN(S(=O)(=O)c2cccc(C(F)(F)F)c2)c2cc(-c3cccc(F)c3Cl)ccc2O1,5.0
CHEMBL4874944,C/C(=C\c1ccc2c(c1)N(S(=O)(=O)c1ccc(F)c(C(F)(F)F)c1)C[C@H](CCC(=O)O)O2)c1c(F)cccc1Cl,5.221848749616356
CHEMBL4875312,O=C(O)CC[C@H]1CN(S(=O)(=O)c2cccc(C(F)(F)F)c2)c2cc(-c3cc(F)cc(F)c3Cl)ccc2O1,5.0
CHEMBL4875777,O=C(O)[C@H](O)CC[C@H]1CN(S(=O)(=O)c2cccc(C(F)(F)F)c2)c2cc(-c3cc(F)ccc3F)ccc2O1,5.0
CHEMBL4875869,COc1cc(Cl)c(Cl)cc1-n1nnc(S(=O)(=O)c2ccc(C(C)(C)C)cc2)c1C,5.886056647693163
CHEMBL4878616,C/C(=C\c1ccc2c(c1)N(S(=O)(=O)c1cccc(C(F)(F)F)c1)C[C@H](CCC(=O)O)O2)c1ccccc1,5.0
CHEMBL4878794,COc1ccc(Cl)cc1-n1nnc(S(=O)(=O)c2ccc(C(C)(C)C)cc2)c1C,6.53863727100337
CHEMBL4879241,C/C(=C\c1ccc2c(c1)N(S(=O)(=O)c1cccc(C(F)(F)F)c1)C[C@H](CCC(=O)O)O2)c1ccccc1Cl,5.0
CHEMBL5187164,CCc1ccc(-c2nc3cc(NC(=O)c4cc([N+](=O)[O-])ccc4Br)ccc3o2)cc1,4.3872161432802645
CHEMBL5198290,CNC(=O)c1csc(C(=O)c2c[nH]c3ccccc23)n1,4.920818753952375
CHEMBL5207130,CCc1ccc(-c2nc3cc(NC(=O)c4cc([N+](=O)[O-])ccc4Cl)ccc3o2)cc1,4.301029995663981
CHEMBL5266231,CCOc1ccc(C(C)(C)C)cc1NC(=O)c1nnn(-c2cc(OC)ccc2OC)c1C,6.725375721572972
CHEMBL5266755,COc1ccc(OC)c(-n2nnc(C(=O)Nc3ccc(O)c(C(C)(C)C)c3)c2C)c1,6.371641127011257
CHEMBL5266983,CCCCOc1cc(NC(=O)c2nnn(-c3cc(OC)ccc3OC)c2C)cc(C(C)(C)C)c1,6.972693472721556
CHEMBL5267038,CCCCOc1ccc(C(C)(C)C)cc1NC(=O)c1nnn(-c2cc(OC(F)(F)F)ccc2OC)c1C,6.337242168318426
CHEMBL5267285,COc1ccc(OC)c(-n2nnc(C(=O)Nc3cc(C(C)(C)C)ccc3OCCCN3CCOCC3)c2C)c1,5.1243604480083285
CHEMBL5267901,CCCCOc1ccc(C(C)(C)C)cc1NC(=O)c1nnn(-c2ccccc2)c1C,5.617982957425132
CHEMBL5268267,COc1ccc(OC)c(-n2nnc(C(=O)Nc3cc(C(C)(C)C)ccc3NC(=O)OC(C)(C)C)c2C)c1,5.872363747448347
CHEMBL5268870,COc1ccc(OC)c(-n2nnc(C(=O)Nc3cc(C(C)(C)C)ccc3OCCN3CCN(C)CC3)c2C)c1,5.077450979992872
CHEMBL5269184,COc1ccc(OC)c(-n2nnc(C(=O)Nc3cc(C(C)(C)C)ccc3N)c2C)c1,6.045757490560675
CHEMBL5269205,COc1ccc(OC)c(-n2nnc(C(=O)Nc3cc(C(C)(C)C)ccc3OCCN(C)C)c2C)c1,5.75713928675921
CHEMBL5269952,COc1ccc(OC)c(-n2nnc(C(=O)Nc3cc(C(C)(C)C)ccc3OCCN3CCOCC3)c2C)c1,5.595557066320094
CHEMBL5269977,CCCCOc1ccc(C(C)(C)C)cc1NC(=O)c1nnn(-c2cc(Cl)ccc2OC)c1C,6.920818753952375
CHEMBL5270149,CCCCOc1ccc(C(C)(C)C)cc1NC(=O)c1nnn(-c2cc(OC)cc(OC)c2)c1C,5.552841968657781
CHEMBL5270384,CCCCOc1ccc(C(C)(C)C)cc1NC(=O)c1nnn(-c2cc(C(F)(F)F)ccc2OC)c1C,6.154901959985743
CHEMBL5271121,CCCCOc1ccc(C(C)(C)C)cc1NC(=O)c1nnn(-c2cccnc2)c1C,5.366531544420414
CHEMBL5271191,COc1ccc(OC)c(-n2nnc(C(=O)Nc3cccc(C)c3)c2C)c1,5.455931955649724
CHEMBL5271698,CCCCOc1ccc(C(C)(C)C)cc1NC(=O)c1nnn(-c2cc(F)ccc2OC)c1C,6.522878745280337
CHEMBL5271913,COc1ccc(OC)c(-n2nnc(C(=O)Nc3cc(C#N)cc(C(C)(C)C)c3)c2C)c1,6.6243604480083285
CHEMBL5272707,COc1cc(NC(=O)c2nnn(-c3cc(OC)ccc3OC)c2C)cc(C(C)(C)C)c1,6.610924374808178
CHEMBL5273045,COc1ccc(OC)c(-n2nnc(C(=O)Nc3cccc(C(C)(C)C)c3)c2C)c1,5.8529874529523385
CHEMBL5273515,COc1ccc(OC)c(-n2nnc(C(=O)Nc3ccc(N)c(C(C)(C)C)c3)c2C)c1,6.552841968657781
CHEMBL5273565,CNc1cc(NC(=O)c2nnn(-c3cc(OC)ccc3OC)c2C)cc(C(C)(C)C)c1,6.65401744861632
CHEMBL5273985,CCCCNc1ccc(NC(=O)c2nnn(-c3cc(OC)ccc3OC)c2C)cc1C(C)(C)C,5.4089353929735005
CHEMBL5274653,COc1ccc(OC)c(-n2nnc(C(=O)Nc3cc(O)cc(C(C)(C)C)c3)c2C)c1,6.083745543646882
CHEMBL5274748,CCC[C@@H](C)Oc1ccc(C(C)(C)C)cc1NC(=O)c1nnn(-c2cc(C)ccc2OC)c1C,7.105350694420279
CHEMBL5274800,CCCCOc1ccc(C(C)(C)C)cc1NC(=O)c1nnn(-c2cc(C)ccc2OC)c1C,7.130768280269024
CHEMBL5274837,COc1ccc(OC)c(-n2nnc(C(=O)Nc3cc(C(C)(C)C)ccc3OCCCCO)c2C)c1,5.380475453429904
CHEMBL5275510,COc1ccc(OC)c(-n2nnc(C(=O)Nc3ccc(NC(C)=O)c(C(C)(C)C)c3)c2C)c1,5.698970004336019
CHEMBL5275863,COc1ccc(OC)c(-n2nnc(C(=O)Nc3cccc(N4CCCCC4)c3)c2C)c1,4.585026652029182
CHEMBL5276093,COc1ccc(OC)c(-n2nnc(C(=O)Nc3nc4ccccc4n3C)c2C)c1,4.991399828238082
CHEMBL5276468,CCCCOc1ccc(C(C)(C)C)cc1NC(=O)c1nnn(-c2cc(OC)ccc2OC)c1C,7.119788758288394
CHEMBL5276535,COc1ccc(OC)c(-n2nnc(C(=O)Nc3cc(C(C)(C)C)cc(C(C)(C)C)c3)c2C)c1,7.066856330457902
CHEMBL5276676,CCCCOc1ccc(C(C)(C)C)cc1NC(=O)c1nnn(-c2ccc(OC)cc2OC)c1C,5.3872161432802645
CHEMBL5276688,COc1ccc(OC)c(-n2nnc(C(=O)Nc3cccc(N4CCCC4)c3)c2C)c1,4.866649016557956
CHEMBL5276751,CCCCOc1ccc(NC(=O)c2nnn(-c3cc(OC)ccc3OC)c2C)cc1C(C)(C)C,5.315763580779819
CHEMBL5276756,COc1ccc(OC)c(-n2nnc(C(=O)Nc3ccc(N(C)C)c(C(C)(C)C)c3)c2C)c1,5.684531940467904
CHEMBL5277006,CCC[C@@H](C)Oc1ccc(C(C)(C)C)cc1NC(=O)c1nnn(-c2cc(Cl)ccc2OC)c1C,6.920818753952375
CHEMBL5277096,COc1ccc(OC)c(-n2nnc(C(=O)Nc3cc(-c4nnn[nH]4)cc(C(C)(C)C)c3)c2C)c1,4.667561540084395
CHEMBL5277255,CCC[C@H](C)Oc1ccc(C(C)(C)C)cc1NC(=O)c1nnn(-c2cc(C)ccc2OC)c1C,8.045757490560675
CHEMBL5277418,COc1ccc(OC)c(-n2nnc(C(=O)Nc3ccc(C(C)(C)C)cc3)c2C)c1,4.468521082957745
CHEMBL5277482,CCCCCCOc1ccc(C(C)(C)C)cc1NC(=O)c1nnn(-c2cc(OC)ccc2OC)c1C,6.988168040901103
CHEMBL5277556,COc1ccc(OC)c(-n2nnc(C(=O)Nc3ccccc3)c2C)c1,4.6020599913279625
CHEMBL5277595,COc1ccc(OC)c(-n2nnc(C(=O)Nc3cc(Br)cc(C(C)(C)C)c3)c2C)c1,6.523845995168937
CHEMBL5277632,CCCCNc1cc(NC(=O)c2nnn(-c3cc(OC)ccc3OC)c2C)cc(C(C)(C)C)c1,7.147496020333332
CHEMBL5278057,CCCCOc1ccc(C(C)(C)C)cc1NC(=O)c1nnn(-c2cccc(OC)c2OC)c1C,6.0
CHEMBL5278206,CCCCOc1ccc(C(C)(C)C)cc1NC(=O)c1nnn(-c2cc(OC)ccc2F)c1C,5.8297382846050425
CHEMBL5279641,CNc1ccc(NC(=O)c2nnn(-c3cc(OC)ccc3OC)c2C)cc1C(C)(C)C,5.686829816312478
CHEMBL5279796,COc1ccc(OC)c(-n2nnc(C(=O)Nc3cc(B4OC(C)(C)C(C)(C)O4)cc(C(C)(C)C)c3)c2C)c1,6.1386830387330935
CHEMBL5279980,COc1ccc(OC)c(-n2nnc(C(=O)Nc3cc(C(C)(C)C)ccc3OC)c2C)c1,5.7447274948966935
CHEMBL5280042,CCCCOc1ccc(C(C)(C)C)cc1NC(=O)c1nnn(-c2ccccc2OC)c1C,6.358349385648225
CHEMBL5280444,COc1ccc(OC)c(-n2nnc(C(=O)Nc3ccccc3C(C)(C)C)c2C)c1,5.326823512774681
CHEMBL5281952,CCCC(C)Oc1ccc(C(C)(C)C)cc1NC(=O)c1nnn(-c2cc(C)ccc2OC)c1C,8.161150909262744
CHEMBL5282848,CCC(C)COc1ccc(C(C)(C)C)cc1NC(=O)c1nnn(-c2cc(OC)ccc2OC)c1C,7.422331981267469
CHEMBL5283855,CCCCOc1ccc(C(C)(C)C)cc1NC(=O)c1nnn(-c2ccc(OC)c(OC)c2)c1C,5.356547323513812
CHEMBL5284102,COc1ccc(OC)c(-n2nnc(C(=O)Nc3cc(-c4ccccc4)cc(C(C)(C)C)c3)c2C)c1,7.387345359137068
CHEMBL5284539,CCC[C@H](C)Oc1ccc(C(C)(C)C)cc1NC(=O)c1nnn(-c2cc(OC)ccc2OC)c1C,8.426935982160881
CHEMBL5285078,COc1ccc(OC)c(-n2nnc(C(=O)Nc3cc(C(C)(C)C)ccc3NC(C)=O)c2C)c1,6.00436480540245
CHEMBL5285451,CCC[C@H](C)Oc1ccc(C(C)(C)C)cc1NC(=O)c1nnn(-c2cc(Cl)ccc2OC)c1C,7.744727494896693
CHEMBL5286475,CCCCOc1ccc(C(C)(C)C)cc1NC(=O)c1nnn(-c2cc(OC)ccc2C)c1C,5.779891911959945
CHEMBL5286479,COc1ccc(OC)c(-n2nnc(C(=O)Nc3cc(C(C)(C)C)ccc3OCCCN(C)C)c2C)c1,5.09663874846191
CHEMBL5286515,CCCC(C)Oc1ccc(C(C)(C)C)cc1NC(=O)c1nnn(-c2cc(OC)ccc2OC)c1C,8.324875990832918
CHEMBL5286721,CCCCOc1ccc(C(C)(C)C)cc1NC(=O)c1nnn(-c2cccnc2OC)c1C,6.356547323513812
CHEMBL5286999,CCC[C@@H](C)Oc1ccc(C(C)(C)C)cc1NC(=O)c1nnn(-c2cc(OC)ccc2OC)c1C,7.33889035263304
CHEMBL5287048,COc1ccc(OC)c(-n2nnc(C(=O)Nc3ccc(OC)c(C(C)(C)C)c3)c2C)c1,6.119036080789735
CHEMBL5287193,COc1ccc(OC)c(-n2nnc(C(=O)Nc3cccc(C(C)C)c3)c2C)c1,5.420818753952375
CHEMBL5287237,CCCCOc1ccc(C(C)(C)C)cc1NC(=O)c1nnn(-c2c(OC)cccc2OC)c1C,6.230713133096572
CHEMBL5287498,CCCCOc1ccc(C(C)(C)C)cc1NC(=O)c1nnn(-c2ccc3c(c2)OCO3)c1C,5.337242168318426
CHEMBL5287648,CCCCCCCCOc1ccc(C(C)(C)C)cc1NC(=O)c1nnn(-c2cc(OC)ccc2OC)c1C,6.007062321345803
CHEMBL5287939,COc1ccc(OC)c(-n2nnc(C(=O)Nc3cc(N(C)C)cc(C(C)(C)C)c3)c2C)c1,6.71356419889976
CHEMBL5288280,COc1ccc(OC)c(-n2nnc(C(=O)Nc3cc(C(C)(C)C)ccc3OCCC(C)C)c2C)c1,6.989405350465031
CHEMBL5288604,COc1ccc(OC)c(-n2nnc(C(=O)Nc3cc(N)cc(C(C)(C)C)c3)c2C)c1,5.523603778477954
CHEMBL5288757,CCCCCOc1ccc(C(C)(C)C)cc1NC(=O)c1nnn(-c2cc(OC)ccc2OC)c1C,7.022156124843248
CHEMBL5289489,CCCCN(CCCC)c1cc(NC(=O)c2nnn(-c3cc(OC)ccc3OC)c2C)cc(C(C)(C)C)c1,6.515758525723033
CHEMBL5289648,COc1ccc(OC)c(-n2nnc(C(=O)Nc3cc(C(C)(C)C)ccc3OCC#N)c2C)c1,5.886056647693163
CHEMBL5289969,CCCC(C)Oc1ccc(C(C)(C)C)cc1NC(=O)c1nnn(-c2cc(Cl)ccc2OC)c1C,7.823908740944319
CHEMBL5290088,CCCCOc1ccc(C(C)(C)C)cc1NC(=O)c1nnn(-c2cc(Br)ccc2OC)c1C,7.594011527831523
CHEMBL5290246,CCCCOc1ccc(C(C)(C)C)cc1NC(=O)c1nnn(-c2cccc(OC)c2)c1C,5.431798275933005
CHEMBL5291207,CCCOc1ccc(C(C)(C)C)cc1NC(=O)c1nnn(-c2cc(OC)ccc2OC)c1C,6.906239639581768
CHEMBL5316222,COc1ccc(OC)c(-n2nnc(S(=O)(=O)Nc3ccc(C(C)(C)C)cc3)c2C)c1,7.1479247415801
CHEMBL62136,O=S(=O)(c1ccccc1)N(CC(F)(F)F)c1ccc(C(O)(C(F)(F)F)C(F)(F)F)cc1,6.977717496342033
CHEMBL81,O=C(c1ccc(OCCN2CCCCC2)cc1)c1c(-c2ccc(O)cc2)sc2cc(O)ccc12,4.931443104927637
CHEMBL998,CCOC(=O)N1CCC(=C2c3ccc(Cl)cc3CCc3cccnc32)CC1,5.522878745280337
