ID,SMILES,Caco2
E-0014317,COC1CN(Cc2ccc(N3CCN(C(=O)c4cn(C)c5c(C#N)cccc45)CC3)cc2)C1,1.6633239336282124
E-0012168,Cc1ccccc1CNc1nc(-c2ccccc2)cc(=O)[nH]1,0.7701152947871016
E-0012830,Cn1cc(C(=O)N2CCN(Cc3ccc(Cl)cc3)CC2)c2ccccc21,1.4022613824546801
E-0014540,O=C1NCCSc2c1sc1ccc(OC3CNC3)cc21,0.651278013998144
E-0011927,Cc1cc(-c2ccncn2)cc2c3cc(OCCCN4CCCC4)ccc3n(C)c12,0.5740312677277188
E-0012901,CN(C)Cc1ccc(Nc2cccc(-c3cccc(F)c3)n2)cc1,0.8382192219076258
E-0014881,Clc1cncc(O[C@H]2C[C@H]3CC[C@@H](C2)N3Cc2n[nH]c3cccnc23)c1,1.0637085593914175
E-0012849,Fc1cccc(-c2ccnc(Nc3ccc(CN4CCOCC4)cn3)n2)c1,1.423081958297231
E-0012242,Cn1nc2ccccc2c1C(=O)N1CCC(Oc2ccc(Cl)cc2)CC1,1.3463529744506386
E-0012902,Fc1cncc(-c2cccc(Nc3ccc(CN4CCOCC4)cc3)n2)c1,1.494988973683168
E-0014720,CC(=O)N[C@@H](C)COc1ccc([N+](=O)[O-])c(-c2cc(-c3ccncc3)ccn2)c1,1.0273496077747566
E-0012764,CN1CCN(c2cccc(-c3ccnc(Nc4cccc(CC(N)=O)c4)n3)c2)CC1,0.9956351945975499
E-0014822,O=C(c1n[nH]c2cc(-c3ccccn3)cnc12)N1CCC(Oc2ccc(Cl)cc2)CC1,-0.7695510786217261
E-0014495,CC(=O)Nc1cncc(Nc2cccc(-c3cccnc3)n2)c1,0.09691001300805642
E-0012808,Fc1cccc(-c2ccnc(Nc3ccc(CN4CCC4)cc3)n2)c1,1.37984917876283
E-0012914,COCC1CN(Cc2ccc(N3C4CC3CN(C(=O)c3cn(C)c5ncccc35)C4)cc2)C1,0.5786392099680724
E-0014775,CCn1ncc(C#Cc2cncs2)c1C(=O)N1CCC(Oc2cncc(Cl)c2)CC1,1.0153597554092142
E-0013512,NC(=O)Cc1cc(Nc2cccc(-c3cccnc3)n2)ccn1,0.19589965240923374
E-0012153,COCC1CN(Cc2ccc(N3CCN(C(=O)c4cn(C)c5ncccc45)CC3)cc2)C1,1.1580607939366052
E-0014793,COc1c(F)ccc2c3cc[nH]c(=O)c3n(CCCN3CCCCC3)c12,1.4483971034577676
E-0014554,CC(=O)Nc1cccc(Nc2cc(-c3cccnc3)ccn2)n1,1.4126285205443752
E-0014131,N#Cc1ccc(OC2CCN(C(=O)c3n[nH]cc3-c3ccc4ncsc4c3)CC2)cc1,0.5910646070264992
E-0015061,N#Cc1cc(-c2ccc(OCCN3CCCCC3)cc2)c2ccncc2c1,1.0791812460476249
E-0014388,Cc1cnc2c(-c3cc(C(=O)N4CCC(Oc5ccc(Cl)cc5)CC4)[nH]n3)cnn2c1,0.2013971243204515
E-0014686,Nc1ccc(OCCN2CCCCC2)cc1-c1cc(-c2cccnc2)ccn1,1.373279893277496
E-0012157,CS(=O)(=O)Nc1cccc(-c2ccnc(Nc3cccc(CN4CCOCC4)c3)n2)c1,1.4689378056654614
E-0013729,Fc1cccc(-c2ccnc(Nc3ccc(NC4CCOCC4)cc3)n2)c1,1.459241664878082
E-0014433,CN1CCC(Cn2nccc2N(C)c2cccc(-c3cccc(F)c3)n2)CC1,0.8162412999917831
E-0014197,CC1(O)CN(CCCn2ccc3c([nH]c4cc(F)ccc43)c2=O)C1,1.4256972133625911
E-0012911,O=C(c1ccc(Cl)cc1)N1CCN(C(=O)c2n[nH]c3ccccc23)CC1,1.4945719842301985
E-0013735,Nc1cc(OCCN2CCCCC2)ccc1-c1ccc2ccncc2c1,1.3933996952931018
E-0013711,O=C(c1[nH]ncc1-c1ccc2ocnc2c1)N1CCC(Oc2ccc(Cl)cc2)CC1,1.1809855807867304
E-0014995,O=C(c1cc(C#Cc2cncs2)n[nH]1)N1CCC(Oc2cncc(Cl)c2)CC1,0.7923916894982539
E-0014645,Cc1ccc(COc2cc(-c3ccccc3)[nH]c(=O)c2)cc1,0.09691001300805642
E-0012832,O=C(c1n[nH]c2ccccc12)N1CCC2(CC1)CCN2c1ccc(Cl)cc1,0.926342446625655
E-0014628,NC(=O)Cc1cccc(Nc2nccc(-c3cccc(F)c3)n2)n1,0.16136800223497488
E-0013533,COCC1CN(Cc2ccc(N3CCN(C(=O)c4cn(C)c5ccncc45)CC3)cc2)C1,0.3364597338485295
E-0014226,Cn1c2ccc(Cl)cc2c2cc(=O)n(CCCN3CCCCC3)nc21,1.543074235033532
E-0014941,COc1cc2c(cc1-c1cc(C(=O)N3CCC(Oc4cncc(Cl)c4)CC3)[nH]n1)ncn2C,0.22010808804005508
E-0013504,CN(C)Cc1ccc(OC2CCN(C(=O)c3n[nH]cc3-c3ccccc3)CC2)cc1,0.7160033436347992
E-0014593,O=C1CCCN1CCOc1ccc(-c2ccc3ccncc3c2)cc1,1.0557604646877348
E-0014576,COc1cncc(OC2CCN(C(=O)c3cc(-c4ccc(F)cc4OC)[nH]n3)CC2)c1,0.8615344108590378
E-0014641,c1cc2ccc(-c3cnn(CCN4CCC4)c3)cc2cn1,1.426836453803508
E-0013827,COc1ccc2[nH]c3c(=O)n(CCCN4CCCCC4)ccc3c2n1,1.424718337331567
E-0014748,Cc1[nH]nc(C(=O)N2CCC(OC3CCN(C4CC4)CC3)CC2)c1C#Cc1cncs1,0.7497363155690611
E-0015053,O=C(Cn1cc(Nc2cccc(-c3cccnc3)n2)ccc1=O)N1CCC1,0.17609125905568124
E-0014390,COc1cc2ocnc2cc1-c1cc(C(=O)N2CCC(Oc3ccc(Cl)cc3)CC2)[nH]n1,-0.7958800173440752
E-0013530,COc1ccc2[nH]c3c(=O)n(C4(CCN5CCCCC5)CC4)cnc3c2c1,1.3550682063488506
E-0014724,Nc1ccc(OC2CNC2)cc1-c1cc(-c2ccncc2)ccn1,0.5024271199844327
E-0014863,C[C@@H]1CN(CCOc2ccc(-c3ccc4ccncc4c3)cc2)C[C@H](C)O1,0.7347998295888469
E-0013616,COCc1ccc(OC2CCN(C(=O)c3n[nH]cc3-c3ccccc3)CC2)cc1,1.5347873586294916
E-0014487,CN1CCC(Cn2cc(Nc3cc(-c4cccnc4)ccn3)cn2)CC1,0.4727564493172124
E-0014572,O=C(c1n[nH]c2cc(-c3ncccn3)ccc12)N1CCC(Oc2ccc(Cl)cc2)CC1,-1.6989700043360187
E-0012216,Cn1cc(C(=O)N2CCN(c3ccc(CN4CC(CO)C4)cc3)CC2)c2ccccc21,0.4712917110589386
E-0014688,c1ccc(-n2ccc(Nc3ccc(CCN4CCC4)cc3)n2)nc1,1.1972805581256194
E-0013580,c1cc(-c2ccnc(Nc3ccc(N4CCNCC4)cc3)c2)cc(N2CCOCC2)c1,0.9786369483844743
E-0014170,c1ccc(-n2ccc(Nc3ccc(OCCCN4CCCC4)cc3)n2)nc1,0.8750612633917001
E-0012223,O=C(c1n[nH]c2ccccc12)N1CCN(c2ccc(Cl)cc2)CC1,1.5333907080175513
E-0015017,CN1CCN(Cc2ccc(Nc3nccc(-c4cc(F)cc(N5CCOCC5)c4)n3)cc2)CC1,0.6683859166900001
E-0014452,COc1cc(F)ccc1-c1cc(C(=O)N2CCC(OC3CCN(C4CC4)CC3)CC2)[nH]n1,1.1473671077937864
E-0014898,COc1ccc(-c2cc(C(=O)N3CCC(Oc4ncccc4F)CC3)[nH]n2)c(OC)c1,0.5831987739686227
E-0013497,CN1CCC(c2ccc(Nc3cccc(-c4cccc(F)c4)n3)cc2)C1,0.667452952889954
E-0015050,Nc1ccc(OCCN2CCCCC2)cc1-c1nccc(-c2ccncc2)n1,1.3332456989619628
E-0014516,O=C(c1n[nH]c2cc(-c3ccccn3)ccc12)N1CCC(Oc2ccc(Cl)cc2)CC1,-1.3979400086720375
E-0013581,c1cc(Nc2cc(-c3cccc(N4CCOCC4)c3)ccn2)cc(C2CCNCC2)c1,0.4065401804339551
E-0013639,CN1CCC(c2cccc(Nc3cccc(-c4cc(F)cc(N5CCOCC5)c4)n3)c2)CC1,-0.031517051446064856
E-0012229,COc1ccc2[nH]c3c(=O)n(CC[C@@H](C)N4CCCCC4)ccc3c2c1,1.4534712337229359
E-0015016,Fc1cc(-c2ccnc(Nc3ccc(CN4CCCCC4)cc3)n2)cc(N2CCOCC2)c1,0.35410843914740087
E-0014587,NC(=O)Cc1cccc(Nc2cccc(-c3cccnc3)c2F)n1,1.137670537236755
E-0014029,CNC(=O)Cc1cccc(Nc2cccc(-c3cccnc3)n2)n1,1.2156375634350618
E-0014892,COc1ccc(-c2cc(C(=O)N3CC[C@@H](Oc4ccc(F)cc4)C3)[nH]n2)c(OC)c1,-0.17392519729917352
E-0014857,c1cc2ncc(-c3ccc(OCCN4CCNCC4)cc3)cc2cn1,0.9232440186302765
E-0014462,CCOc1cnc2c(c1)[nH]c1c(=O)n(CCCN3CCCCC3)ccc12,1.5039268041935103
E-0014588,NC(=O)CCc1cccc(Nc2cccc(-c3cccnc3)n2)n1,0.6748611407378116
E-0011945,NC(=O)Cc1ccc(Nc2nccc(-c3cc(F)cc(N4CCOCC4)c3)n2)cc1,1.2392994791268925
E-0014151,COc1ccc(-c2ncc(C(=O)N3CCC(Oc4cncc(Cl)c4)CC3)[nH]2)c(OC)c1,0.9513375187959177
E-0013788,c1cc2ccc(-c3ccc(OCCCN4CCCCC4)cc3)cc2cn1,1.1034616220947049
E-0012883,Fc1cc(-c2cccc(Nc3cccc(C4CCNCC4)c3)n2)cc(N2CCOCC2)c1,0.021189299069938092
E-0011931,CC(C)N1CCN(c2ncn(-c3ccc(Nc4ncccn4)cc3)n2)CC1,1.5578679615680222
E-0014511,Cc1[nH]nc(C(=O)N2CCC(Oc3cncc(Cl)c3)CC2)c1Cl,1.2685779718828432
E-0015023,Clc1cncc(O[C@@H]2[C@@H]3CC[C@H]2CN(Cc2n[nH]c4c(Cl)ccnc24)C3)c1,1.2830749747354715
E-0014648,O=C(c1n[nH]c2cc(-c3ccccn3)cnc12)N1CCC(OC2CCN(C3CC3)CC2)CC1,0.39269695325966575
E-0014985,Clc1cncc(OC2CC3(C2)CN(Cc2n[nH]c4cccnc24)C3)c1,1.189770956346874
E-0015002,CN(c1cccc(-c2cccnc2)n1)c1cccn(CC(=O)N2CCC2)c1=O,0.7634279935629373
E-0012163,O=C(c1n[nH]c2ccccc12)N1CCN(Cc2ccc(Cl)nc2)CC1,1.4374334437979712
E-0012823,O=c1c2[nH]c3ccc(Cl)cc3c2ccn1CCCN1CCCCC1,1.0277572046905534
E-0015150,CCc1c(N)c(-c2ccc(OCCN3CCCCC3)cc2)cc2cnccc12,0.38021124171160603
E-0013843,c1cc2ccc(-c3ccc(OCCN4CCCC4)cc3)cc2cn1,1.4667193716815987
E-0014714,COc1c(Cl)ccc2cc3c(=O)n(CCCN4CCCCC4)ccn3c12,1.38147609027503
E-0013519,c1cc2ccc(-n3ccc(OCCN4CCCCC4)n3)cc2cn1,1.4945719842301985
E-0014293,NC(=O)c1cccc(Nc2cccc(-c3cccnc3)n2)n1,1.2145789535704992
E-0013686,COCC1CN(Cc2ccc(N3CCN(C(=O)c4cn(C)c5nc(C6CC6)ccc45)CC3)cc2)C1,1.4462264017781632
E-0014526,O=C(c1ccc2[nH]ncc2c1)N1CCC(OC2CCN(C3CC3)CC2)CC1,1.1280760126687153
E-0014545,CN1CCC(Cn2nccc2N(C)c2cccc(-c3cccnc3)n2)CC1,1.1945143418824673
E-0014930,Cc1cc(OCCN2CCOCC2)ccc1-c1ccc2ccncc2c1,0.9304395947667001
E-0013591,O=C(c1n[nH]cc1C1=CCOCC1)N1CCC(Oc2ccc(Cl)cc2)CC1,1.5669086552268034
E-0012245,N#Cc1ccc(CN2CCN(C(=O)c3n[nH]c4ccccc34)CC2)cc1,1.665580991017953
E-0014973,Clc1cc(Nc2nccc(-c3ccnnc3)n2)ccc1CN1CCOCC1,1.4274861090957855
E-0014684,NC(=O)Cc1cccc(Nc2cncc(-c3cccnc3)n2)n1,0.2600713879850748
E-0014975,Clc1cc(OCCN2CCOCC2)ccc1-c1ccc2ccncc2c1,0.7817553746524689
E-0014409,COc1ccc2c3cc(OC[C@@H]4CCCN(C)C4)nnc3n(C)c2c1,1.2702128548962426
E-0014919,Cn1cnc2ccc(-c3ccc(OCCN4CCOCC4)cc3)cc21,1.3157604906657345
E-0014618,COCC1CN(Cc2ccc(N3CCN(C(=O)c4cn(C)c5ccccc45)C[C@H]3C)cn2)C1,0.617000341120899
E-0014521,O=C(c1cccc2cn[nH]c12)N1CCC(OC2CCN(C3CC3)CC2)CC1,1.416640507338281
E-0014603,COc1ccc(-c2cc(C(=O)N3CCC(Oc4cncc(Cl)c4)CC3)n[nH]2)nc1,1.1815577738627863
E-0014528,O=C(c1cccc2nc[nH]c12)N1CCC(Oc2cncc(Cl)c2)CC1,1.115943176939055
E-0014385,O=C(Nc1cccc(Nc2cccc(-c3cccnc3)n2)n1)N1CCOCC1,1.2595938788859486
E-0014797,CC(=O)N[C@@H](C)COc1ccc2sc3c(c2c1)SCCN(C)C3=O,1.1746411926604483
E-0014542,COC[C@@H](C)NC(=O)Cc1cccc(Nc2cccc(-c3cccnc3)n2)n1,1.4931791206825153
E-0014080,O=C(c1n[nH]c2cccnc12)N1CCC(Oc2ccc(Br)cc2)CC1,0.8970770032094203
E-0012202,O=c1cc(-c2ccccc2)nc(NCc2ccccn2)[nH]1,1.5813806887099868
E-0014442,Cc1ccc(CNc2cc(=O)[nH]c(-c3ccccc3)n2)cc1,1.2005769267548483
E-0013606,CN1CCC(Cc2ccc(Nc3cccc(-c4cccnc4)n3)cc2)CC1,1.326745379565322
E-0012919,CN1CCN(CCCOc2cnn(-c3ccc4ccncc4c3)c2)CC1,1.2869053529723748
E-0014517,O=C(c1n[nH]c2cc(-c3ccccn3)ccc12)N1CCC(Oc2cncc(Cl)c2)CC1,0.3891660843645325
E-0012172,C[C@H](Nc1nc(-c2ccccc2)cc(=O)[nH]1)c1ccccc1,1.161966616364075
E-0014534,O=c1c2[nH]c3cccc(OC(F)(F)F)c3c2ccn1CCCN1CCCCC1,1.1792644643390253
E-0013516,Fc1cccc(-c2ccnc(Nc3ccc(CN4CCOCC4)cc3)n2)c1F,0.9003671286564703
E-0013756,CN1CC(Cc2ccc(Nc3cccc(-c4cccc(F)c4)n3)cc2)C1,0.4424797690644485
E-0015111,Cn1ncc2cc(-c3ccc(OCCN4CCCCC4)cc3)ccc21,1.1634595517699902
E-0014913,CC1(C)CN(CCOc2ccc(-c3ccc4ccncc4c3)cc2)CCO1,0.32633586092875144
E-0012183,Fc1cccc(-c2ccnc(Nc3cccc(CN4CCOCC4)c3)n2)c1,0.8175653695597808
E-0014415,CN(c1cnn(CC(N)=O)c1)c1cccc(-c2cccc(S(C)(=O)=O)c2)n1,1.0920184707527971
E-0014991,Clc1cncc(O[C@H]2C[C@@]3(CCN(Cc4n[nH]c5ccccc45)C3)C2)c1,1.2035767749779727
E-0012769,CS(=O)(=O)Nc1cccc(-c2ccnc(Nc3ccc(CN4CCOCC4)cc3)c2)c1,1.0920184707527971
E-0014925,Cc1cc(CN2CCOCC2)ccc1Nc1nccc(-c2ccnnc2)n1,1.4655315569735499
E-0014428,O=C(Cc1cccc(Nc2cccc(-c3cccnc3)n2)n1)NC1CC(F)(F)C1,1.4158077276355432
E-0012820,O=c1c2[nH]c3c(OC(F)(F)F)cccc3c2ccn1CCCN1CCCCC1,1.3760291817281802
E-0014847,FC1(F)CN(CCc2ccc(Nc3ccn(-c4cccnc4)n3)cc2)C1,1.498861688992884
E-0014858,c1cc2cnc(-c3ccc(OCCN4CCNCC4)cc3)cc2cn1,1.0993352776859577
E-0012858,Fc1cc(-c2ccnc(Nc3cccc(N4CCNCC4)c3)n2)cc(N2CCOCC2)c1,0.6857417386022636
E-0014825,c1nc2ccc(-c3c[nH]nc3CN3CCC(c4cnnc(C5CC5)c4)CC3)cc2s1,1.0301947853567512
E-0011366,COc1ccc(-c2csc(Nc3ccccn3)n2)cc1,1.089551882886454
E-0013850,COc1cncc(-c2cn(C)c3ccc(OC4CN(C)C4)cc23)c1,1.5284024379536174
E-0011648,c1cc2ccc(-c3ccc(OCCN4CCCCC4)cc3)cc2cn1,1.1547282074401555
E-0010647,CN(C)CCCNc1nc(Nc2ccncc2)nc2ccccc12,0.6190933306267428
E-0011949,Cn1nc(C(=O)N2CCN(Cc3ccc(Cl)cc3)CC2)c2ccccc21,1.5962671263955153
E-0014454,COc1cc(F)ccc1-c1cc(C(=O)N2CCC(Oc3cncc(Cl)c3)CC2)[nH]n1,0.4471580313422192
E-0013509,COC1CN(Cc2ccc(N3CCN(C(=O)c4cn(C)c5ccc(F)cc45)CC3)cc2)C1,1.4827307000799428
E-0014698,FC1(F)CN(CCOc2ccc(-c3ccc4ccncc4c3)cc2)C1,0.6963563887333322
E-0011925,Cc1cc(-c2ncccn2)cc2c3cc(OCCCN4CCCC4)ccc3n(C)c12,0.534026106056135
E-0014879,CCn1ncc(-c2ccc3ncsc3c2)c1C(=O)N1CCC(OC2CCN(C3CC3)CC2)CC1,1.3180633349627615
E-0014365,Cn1c2cc(Cl)ncc2c2ccn(CCCN3CCCCC3)c(=O)c21,1.5129510799724906
E-0012816,COc1ccc2c(C(=O)N3CCC(Oc4ccc(Cl)cn4)CC3)n[nH]c2c1,1.1464381352857747
E-0012761,CC(C)N1CCN(c2ncn(-c3ccc(Nc4ncc5cccc(Cl)c5n4)cc3)n2)CC1,0.22010808804005508
E-0014445,COc1cc2ocnc2cc1-c1cc(C(=O)N2CCC(Oc3ccc(Cl)cc3)CC2)on1,-0.958607314841775
E-0012799,Fc1cccc(-c2nccc(Nc3ccc(CN4CCOCC4)cc3)n2)c1,0.9781805169374139
E-0014849,c1cc2ccc(-c3ccc(CCCN4CCCCC4)cc3)cc2cn1,0.7543483357110189
E-0013783,CN1CCC[C@@H](Cn2ccc3c([nH]c4ccc(OCC(F)F)cc43)c2=O)C1,1.1335389083702174
E-0013623,O=C(c1n[nH]cc1-c1ccccc1)N1CCC(Oc2ccc(C(F)(F)F)nc2)CC1,1.5109469486729727
E-0013523,c1cc(CCNc2ccnc(Nc3ccc(N4CCOCC4)cc3)n2)ccn1,1.4656802115982779
E-0012766,N#Cc1cccc(-c2ccnc(Nc3cccc(CC(N)=O)c3)n2)c1,1.4640422054388107
E-0012181,NC(=O)Cc1ccc(Nc2nccc(-c3cccc(S(N)(=O)=O)c3)n2)cc1,-0.2839966563652008
E-0013780,COC1CN(Cc2cccc(N3CCN(C(=O)c4cn(C)c5ncccc45)CC3)c2)C1,1.2855573090077739
E-0013603,COC[C@@H]1COCCN1Cc1ccc(N2CCN(C(=O)c3cn(C)c4ncccc34)CC2)cc1,1.603793704136963
E-0013941,c1cc2ccc(-c3ccc(OCCN4CCNCC4)cc3)cc2cn1,1.203304916138483
E-0014693,c1cncc(-c2cccc(Nc3ccc(CN4CCCCC4)cn3)n2)c1,1.2511513431753545
E-0011955,O=C(c1noc2ccccc12)N1CCN(Cc2ccc(Cl)cc2)CC1,1.3807537708039002
E-0014453,COc1ccc(-c2[nH]nc(C(=O)N3CCC(Oc4ccc(Cl)cc4)CC3)c2C)c(OC)c1,-0.9208187539523752
E-0012238,COc1ccc2[nH]c3c(=O)n(CCCN4CCCCC4)ccc3c2c1,1.5276299008713388
E-0014791,O=c1c2[nH]c3ccsc3c2ncn1CCCN1CCCCC1,1.3951515915045425
E-0014790,COc1ccc2c(c1)[nH]c1c(C(=O)NCCCN3CCCCC3)ncnc12,1.1705550585212086
E-0012171,CC(C)c1ccc(CNc2cc(-c3ccccc3)[nH]c(=O)n2)cc1,1.3085644135612389
E-0014457,O=C(c1n[nH]c2cccnc12)N1CCC(Oc2cncc(Br)c2)CC1,0.5118833609788744
E-0015007,Nc1ccc(-c2ccncc2)cc1-c1cccc(OCCN2CCCCC2)c1,1.0755469613925308
E-0011989,COc1ccc2[nH]c3c(=O)n(C[C@H]4CCCN(C)C4)cnc3c2c1,1.423081958297231
E-0012785,O=c1c2[nH]c3c(C(F)(F)F)cccc3c2ccn1CCCN1CCCCC1,1.1852587652965851
E-0012755,COc1ccc2[nH]c3c(=O)n(C[C@H](C)CN4CCCCC4)ccc3c2c1,1.4324882557705063
E-0013670,CN1C(=O)CCc2ccc(-c3cccc(OCCN4CCCCC4)n3)cc21,1.6223176608338443
E-0014107,CN1CCC[C@@H](Cn2ccc3c([nH]c4cc(OCC5CC5)ccc43)c2=O)C1,1.2276296495710086
E-0014741,O=C(c1cc(-c2ncccc2F)[nH]n1)N1CCC(n2cnc3cc(Cl)ccc32)CC1,0.8518696007297664
E-0012776,O=C(c1n[nH]c2cc(F)ccc12)N1CCN(Cc2ccc(C(F)(F)F)cc2)CC1,1.0453229787866574
E-0014813,CN1CCN(C(=O)Cn2cccc(Nc3cccc(-c4cccnc4)n3)c2=O)CC1,0.919078092376074
E-0015006,Nc1c(-c2ccc(OCCN3CCCCC3)cc2)ccc2ccncc12,1.3064250275506875
E-0014642,Nc1cc(OCCN2CCCCC2)ccc1-c1cc(-c2ccncc2)ccn1,1.2284003587030048
E-0012262,COC1CN(Cc2ccc(N3C[C@H]4C[C@@H](C3)N4C(=O)c3cn(C)c4ccccc34)cc2)C1,1.4111144185509048
E-0014715,COc1ccnc(-c2ccc(OCCN3CCCCC3)nc2NCc2ccccc2)n1,0.26245108973042947
E-0014381,NC(=O)Cn1cccc(Nc2cccc(-c3cccnc3)n2)c1=O,0.8475726591421122
E-0014500,NC(=O)Cc1cc(Nc2cc(-c3cccc(F)c3)ccn2)ccn1,0.7528164311882715
E-0013927,COc1ccc(-c2cc(C(=O)N3CCC(Oc4cncc(Cl)c4)CC3)n[nH]2)c(OC)c1,0.4014005407815441
E-0014679,O=C(c1n[nH]cc1C#Cc1cncnc1)N1CCC(Oc2ccc(Cl)cc2)CC1,0.888179493918325
E-0015076,Clc1cncc(O[C@@H]2[C@@H]3CC[C@H]2CN(Cc2n[nH]cc2C#Cc2cncs2)C3)c1,0.5237464668115644
E-0014489,Cc1c(N)c(-c2ccc(OCCN3CCCCC3)cc2)cc2cnccc12,0.02530586526477026
E-0014977,CN1CCC(N2CCN(C(=O)c3n[nH]cc3-c3ccc4ncsc4c3)CC2)C(F)C1,-0.42021640338318983
E-0014792,COc1c(F)ccc2c1[nH]c1c(=O)n(CCCN3CCCCC3)ccc12,1.4007106367732314
E-0014889,O=C(c1n[nH]c2c(Cl)cccc12)N1CCC(Oc2cncc(Cl)c2)CC1,0.8061799739838872
E-0014878,CCn1cc(-c2ccc3ncsc3c2)c(C(=O)N2CCC(OC3CCN(C4CC4)CC3)CC2)n1,1.0948203803547998
E-0014536,c1ccc(CNc2nc(OCCN3CCCCC3)ccc2-c2ncccn2)cc1,1.2382970678753937
E-0014908,O=C(Cn1cccc(Nc2cccc(-c3cccnc3)n2)c1=O)N1CCC(F)(F)CC1,1.0141003215196205
E-0011948,CC(C)N1CCN(c2ncn(-c3ccc(Nc4ncc(-c5cccc(F)c5)cn4)cc3)n2)CC1,0.1846914308175988
E-0014888,O=C(c1cccc2[nH]cnc12)N1CCN(Cc2ccc(Cl)c(F)c2)CC1,1.4263485737875077
E-0012842,O=c1c2[nH]c3c(Cl)cccc3c2ccn1CCCN1CCCCC1,1.4527062265110289
E-0012886,Fc1cccc(-c2cccc(Nc3ccc(N4CCNCC4)cc3)n2)c1,0.23299611039215382
E-0014486,CN(C)C(=O)c1cn(C)c2ccc(OCCCN3CCCC3)cc12,0.4927603890268375
E-0014458,COc1cc2c(cn1)c1ccn(CCCN3CCCCC3)c(=O)c1n2C,1.529430354366986
E-0014935,Cc1[nH]nc(C(=O)N2CCC(OC3CCN(C4CC4)CC3)CC2)c1C#Cc1ncccn1,-0.42021640338318983
E-0014994,O=C(c1cc(-c2ccn3ccnc3c2)n[nH]1)N1CCC(Oc2cncc(Cl)c2)CC1,0.39269695325966575
E-0013665,FC1(F)CCC(NCCOc2cnn(-c3ccc4ccncc4c3)c2)CC1,1.3866772839608377
E-0011947,CC(C)N1CCN(c2ncn(-c3ccc(Nc4ncc(-c5ccccc5)cn4)cc3)n2)CC1,0.4065401804339551
E-0014585,NC(=O)Cn1cnc(Nc2cccc(-c3cccnc3)n2)c1,-0.2006594505464183
E-0013845,CNc1cc2ccncc2cc1-c1ccc(OCCN2CCCCC2)cn1,0.8401060944567578
E-0015095,O=C1COCCN1CCOc1ccc(-c2ccc3ccncc3c2)cc1,1.2250506961380487
E-0014570,O=C(c1n[nH]c2ccc(-c3ncccn3)cc12)N1CCC(Oc2cncc(Cl)c2)CC1,0.4842998393467858
E-0012254,COc1cccc(-c2ccnc(Nc3ccc(CC(N)=O)cc3)n2)c1,1.462397997898956
E-0012798,Fc1cccc(-c2cncc(Nc3ccc(CN4CCOCC4)cc3)n2)c1,0.7543483357110189
E-0011940,Cn1cc(C(=O)N2CCN(c3ccc(CN4CC(C(F)(F)F)C4)cc3)CC2)c2cccnc21,1.4855794769846786
E-0014915,Cn1ncc2cc(-c3ccc(OCCN4CCOCC4)cc3)ccc21,1.1821292140529984
E-0014019,O=C1CCc2cc(-n3ccc(OCC4CNC4)n3)ccc2N1,-0.3372421683184259
E-0014266,Nc1cc(OCCN2CCCCC2)ccc1-c1ccc2ncncc2c1,1.491641793477586
E-0014653,COc1ccc(Nc2cncc(N(CCc3ccncc3)C3CC3)n2)cc1,0.5224442335063199
E-0014806,Fc1cccc(-n2ccc(Nc3ccc(OCCCN4CCCC4)cc3)n2)c1,0.6374897295125107
E-0014166,O=c1c2[nH]c3cc(Cl)ncc3c2ccn1CCCN1CCCCC1,1.5256925245050108
E-0014546,CN1CCC(Cn2nccc2Nc2cccc(-c3cccnc3)n2)CC1,0.320146286111054
E-0014759,O=C(c1n[nH]cc1-c1ccc2ncsc2c1)N1CCN(Cc2ccc(Cl)c(F)c2)CC1,0.7979596437371961
E-0013797,O=C(c1[nH]nc2cccnc12)N1C[C@H]2C[C@H](Oc3ccc(Cl)cc3)C[C@H]2C1,1.388633969351789
E-0012161,CN1CCC(Oc2ccc(Nc3nccc(-c4cccc(F)c4)n3)cc2)CC1,0.9786369483844743
E-0013500,O=C(c1n[nH]c2ccccc12)N1CCc2c(ncn2Cc2cccc(Cl)c2)C1,1.4222614508136027
E-0013717,CN1CCC[C@@H](Cn2cnc3c4cc(OCC(F)F)ccc4n(C)c3c2=O)C1,1.4759615891924238
E-0012194,Cn1cc(C(=O)N2CCN(c3ccc(CN4CC(C)(CO)C4)cc3)CC2)c2cccnc21,0.2787536009528289
E-0014524,O=C(c1cccc2[nH]ncc12)N1CCC(OC2CCN(C3CC3)CC2)CC1,1.0927206446840991
E-0014490,c1cncc(-c2cccc(Nc3cccc(-c4cn[nH]c4)n3)n2)c1,0.9595183769729982
E-0012252,NC(=O)Cc1cccc(Nc2nccc(-c3cccnc3)n2)c1,1.4183012913197455
E-0014636,Fc1cccc(-c2ccnc(Nc3ccc(CCN4CCC4)cc3)n2)c1,0.9532763366673044
E-0011952,O=C(c1n[nH]c2ccccc12)N1CCN(Cc2ccc(Cl)cc2F)CC1,1.519434194913703
E-0014823,O=C(c1n[nH]c2cc(-c3ccccn3)cnc12)N1CCC(Oc2cncc(Cl)c2)CC1,0.5352941200427705
E-0013579,c1cc(-c2ccnc(Nc3ccc(C4CCNCC4)cc3)n2)cc(N2CCOCC2)c1,0.9795483747040951
E-0012787,O=c1c2[nH]c3cccc(C(F)(F)F)c3c2ccn1CCCN1CCCCC1,0.9867717342662448
E-0015127,Cc1ccc(F)c2[nH]nc(CN3C[C@H]4CC[C@@H](C3)[C@@H]4Oc3cncc(Cl)c3)c12,-1.5228787452803376
E-0014807,c1cncc(-n2ccc(Nc3ccc(OCCCN4CCCC4)cc3)n2)c1,1.395326393069351
E-0015069,CN(CCOc1ccc(-c2ccc3ccncc3c2)cc1)C1CCC1,0.7810369386211318
E-0015152,CCc1cc(-c2ccc(OCCN3CCCCC3)cc2)cc2cnccc12,0.15836249209524964
E-0014873,CN1[C@@H]2CC[C@H]1C[C@@H](OC1CCN(C(=O)c3n[nH]cc3-c3ccc4ncsc4c3)CC1)C2,-0.3979400086720376
E-0015047,O=C1Nc2c(Nc3cccc(-c4cccnc4)n3)cccc2C12CC2,1.1702617153949575
E-0012237,O=c1c2[nH]c3cc(OC(F)(F)F)ccc3c2ccn1CCCN1CCCCC1,1.0492180226701815
E-0012154,Cn1cc(C(=O)N2CCN(c3ccc(CN4CC5(CCCCO5)C4)cc3)CC2)c2cccnc21,1.3974185423513477
E-0015001,O=C(c1n[nH]c2cccnc12)N1C[C@H]2CC[C@@H](C1)[C@H]2Oc1cncc(Cl)c1,0.9036325160842377
E-0012806,Fc1cccc(-c2ccnc(Nc3ccc(CN4CCC(F)(F)CC4)cc3)n2)c1,0.25527250510330607
E-0014993,O=C(c1cc(-c2ccn3cncc3c2)n[nH]1)N1CCC(Oc2cncc(Cl)c2)CC1,0.5378190950732742
E-0012910,O=C(c1n[nH]c2cnccc12)N1CCC(Oc2ccc(Cl)cc2)CC1,1.4337698339248657
E-0012867,O=c1c2[nH]cc(-c3ccccc3)c2ncn1CCCN1CCCCC1,1.4007106367732314
E-0013600,CCOc1ccc2c(c1)c1ncn(CCCN3CCCCC3)c(=O)c1n2CC,1.1667260555800518
E-0014951,Cc1cc(C#N)cc2c3cc(OCCN4CCC(F)(F)CC4)ccc3n(C)c12,-1.2218487496163564
E-0014880,COc1cc2ocnc2cc1-c1cc(C(=O)N2CCC(OC3CCN(C)CC3)CC2)[nH]n1,0.18752072083646307
E-0013869,COCC1CN([C@@H](COC)c2ccc(N3CCN(C(=O)c4cn(C)c5ncccc45)CC3)cc2)C1,1.3199384399803087
E-0012255,N#Cc1cccc(-c2ccnc(Nc3ccc(CC(N)=O)cc3)n2)c1,1.4563660331290431
E-0011939,Cn1cc(C(=O)N2CCN(c3ccc(CN4CC(F)C4)cc3)CC2)c2cccnc21,1.3098430047160705
E-0013642,c1cc(Nc2ccc(CN3CCOCC3)cc2)nc(-c2cnccn2)c1,1.5501059993475927
E-0014924,Fc1cc(CN2CCOCC2)ccc1Nc1nccc(-c2ccnnc2)n1,1.561101383649056
E-0014379,CC(C)NCCOc1ccc(-c2ccc3ccncc3c2)cc1,1.0021660617565078
E-0014897,COc1ccc(-c2cc(C(=O)N3CC[C@H](OC)C3)[nH]n2)c(OC)c1,1.4347285417797577
E-0013734,O=c1ccc(-c2cccc(Nc3ccc(CN4CCOCC4)cc3)n2)c[nH]1,1.303412070596742
E-0014621,Cn1cc(Cn2ccc3c4ccc(Cl)cc4n(C)c3c2=O)ccc1=O,1.330210784571528
E-0014673,C=Cc1cncc(OC2CCN(C(=O)c3n[nH]c4cccnc34)CC2)c1,0.4082399653118496
E-0014531,O=C(c1cccc2cc[nH]c12)N1CCC(OC2CCN(C3CC3)CC2)CC1,1.36679638328673
E-0015066,Cc1c(N)c(-c2ccc(OCCN(C)C)cc2)cc2cnccc12,0.4653828514484183
E-0012864,O=C(c1n[nH]c2ccccc12)N1CCN(c2ccc(CN3CC(F)C3)cc2)CC1,1.5531545481696254
E-0015077,COc1ccc(-c2cc(C(=O)N3C[C@H]4CC[C@@H](C3)[C@@H]4Oc3cncc(Cl)c3)[nH]n2)nc1,0.967547976218862
E-0013538,CO[C@H]1CCN(Cc2ccc(N3CCN(C(=O)c4cn(C)c5ncccc45)CC3)cc2)C1,1.473194909204938
E-0014926,COc1cc(CN2CCOCC2)ccc1Nc1nccc(-c2ccnnc2)n1,1.318272080211627
E-0012212,CN1CCC(c2ccc(Nc3cc(N)n4nccc4n3)cc2)CC1,1.3546845539547285
E-0012189,O=c1nc(NC2(c3ccccc3)CC2)cc(-c2ccccc2)[nH]1,1.2750808984568585
E-0014719,C[C@H](N)COc1ccc([N+](=O)[O-])c(-c2cc(-c3ccncc3)ccn2)c1,0.8068580295188175
E-0012882,Fc1cc(-c2cccc(Nc3ccc(N4CCNCC4)cc3)n2)cc(N2CCOCC2)c1,0.07188200730612536
E-0011896,O=C(c1n[nH]c2ccccc12)N1CCC(Oc2cccc(Cl)c2)CC1,0.9912260756924949
E-0012861,Fc1cccc(-c2cccc(Nc3ccc(C4CCNCC4)cc3)n2)c1,-0.05551732784983137
E-0015086,CNCCCOc1cccc2c1[nH]c1c(=O)n(C)ccc12,0.9943171526696367
E-0012828,Cn1cc(C(=O)N2CCC(Nc3ccc(Cl)cc3)CC2)c2ccccc21,1.089905111439398
E-0011895,O=C(c1n[nH]c2ccccc12)N1CCC(Oc2ccccc2Cl)CC1,1.2607866686549762
E-0014610,O=C(c1ccc2ccc(=O)[nH]c2c1)N1CCC(Oc2cncc(Cl)c2)CC1,0.7730546933642626
E-0012160,Fc1cccc(-c2ccnc(Nc3ccc(CN4CCCCC4)cc3)n2)c1,1.307282047033346
E-0014656,O=C(c1n[nH]c2cccnc12)N1CC[C@@H](Oc2cncc(Cl)c2)C1,0.7160033436347992
E-0014411,Cn1cc(Cn2ccc3c([nH]c4cc(Cl)ccc43)c2=O)ccc1=O,1.4955443375464486
E-0014319,Cn1cc(C(=O)N2C3CC2CN(c2ccc(C4(CO)COC4)cc2)C3)c2cccnc21,1.1580607939366052
E-0013608,O=C1CCc2ccc(-c3cccc(OCCN4CCCCC4)n3)cc2N1,1.6360865151030726
E-0014753,Cn1ncc(C#Cc2cncs2)c1C(=O)N1CCC(Oc2cncc(Cl)c2)CC1,1.2143138974243997
E-0014838,Clc1ccc(N2CCN(Cc3n[nH]c4cccnc34)CC2)nc1,1.4375920322539613
E-0012214,Cn1cc(C(=O)N2CCN(c3ccc(CN4CC(F)C4)cc3)CC2)c2ccccc21,1.4807253789884878
E-0014573,O=C(c1n[nH]c2cc(-c3ncccn3)ccc12)N1CCC(Oc2cncc(Cl)c2)CC1,0.7767011839884108
E-0012792,CN1CCC(c2ccc3[nH]nc(C(=O)N4CCC(Oc5ccc(Cl)cc5)CC4)c3c2)CC1,0.47712125471966244
E-0015036,Clc1cncc(O[C@@H]2[C@@H]3CC[C@H]2CN(Cc2[nH]ncc2-c2ccc4ncsc4c2)C3)c1,-0.9208187539523752
E-0014402,COc1cc(F)ccc1-c1cc(C(=O)N2CCC(Oc3ccc(C#N)cc3)CC2)[nH]n1,-0.4089353929735008
E-0014646,COc1cncnc1-c1cc(C(=O)N2CCC(Oc3cncc(Cl)c3)CC2)n[nH]1,0.9973863843973133
E-0014826,Cc1[nH]nc(C(=O)N2CCC(OC3CCN(C4CC4)CC3)CC2)c1C#Cc1ccccn1,0.37106786227173627
E-0011884,Cc1c2ccncc2cc2c3cc(OCCNC4CCOCC4)ccc3n(C)c12,-0.08618614761628333
E-0014167,O=c1c2[nH]c3cc(F)ncc3c2ccn1CCCN1CCCCC1,1.5081255360831993
E-0014358,COc1cncc(OC2CCN(C(=O)c3cc(-c4ccc(OC)cc4OC)[nH]n3)CC2)c1,0.670245853074124
E-0014498,CC(=O)Nc1cccc(Nc2cc(-c3cccc(F)c3)ccn2)n1,0.02530586526477026
E-0012854,O=C(c1ccc(Nc2nccc(-c3cccc(F)c3)n2)cc1)N1CCOCC1,1.571825249040829
E-0014685,NC(=O)C(F)(F)c1cccc(Nc2nccc(-c3cccnc3)n2)c1,1.365862215402555
E-0013584,CN(c1ccc(CN2CCOCC2)cc1)c1nccc(-c2cccc(F)c2)n1,1.1222158782728267
E-0014669,COc1cc(OC2CCN(C3CC3)CC2)ccc1-c1n[nH]c2cccnc12,1.4574276929464844
E-0012909,O=C(c1n[nH]c2ccccc12)N1CCC(c2ccc(Cl)cc2)CC1,0.9921114877869497
E-0014380,NC(=O)Cn1cc(Nc2cccc(-c3cccnc3)n2)cn1,0.5092025223311029
E-0014494,CC(=O)Nc1ccnc(Nc2cccc(-c3cccnc3)n2)c1,1.1458177144918276
E-0013917,CC(=O)N[C@@H](C)COc1cccc(-c2ccc3c(c2)NC(=O)CC3)c1,1.470116353151004
E-0014983,O=C(c1n[nH]c2c(F)cccc12)N1CCC(Oc2cncc(C3CC3)c2)CC1,0.9708116108725178
E-0012251,NC(=O)Cc1cccc(Nc2nccc(-c3cccc(OC(F)(F)F)c3)n2)c1,0.9637878273455552
E-0014818,c1cc(-c2ccc3cnncc3c2)ccc1OCCN1CCNCC1,0.69810054562339
E-0014591,CNC(=O)Cc1cccc(Nc2nccc(-c3cccnc3)n2)n1,1.0989896394011773
E-0014436,Cc1cn2nc(-c3c[nH]nc3C(=O)N3CCC(Oc4ccc(Cl)cc4)CC3)cc2c(C)n1,0.3010299956639812
E-0014315,O=c1c2[nH]c3cc(OCC4CC4)ccc3c2ccn1CCCN1CCCCC1,1.2688119037397805
E-0015108,c1cc2ccc(-c3ccc(O[C@@H]4CCNC4)cc3)cc2cn1,0.9041743682841635
E-0014974,Clc1cc(-c2ccc3ccncc3c2)ccc1OCCN1CCOCC1,0.47856649559384334
E-0014637,Fc1cccc(-c2ccnc(Nc3ccc(CCN4CCC4)cc3)c2)c1,0.35793484700045375
E-0014503,CN(c1cc(-c2cccc(F)c2)ccn1)c1ccnn1CC1CCNCC1,0.17609125905568124
E-0015058,Clc1cc(-c2ccc(OCCN3CCCCC3)cc2)c2ccncc2c1,0.04139268515822507
E-0012900,c1cc2ccc(-n3cc(OCCCN4CCCC4)cn3)cc2cn1,1.3861421089308184
E-0012195,COCC1(C)CN(Cc2ccc(N3CCN(C(=O)c4cn(C)c5ncccc45)CC3)cc2)C1,1.2886962605902559
E-0013810,COc1ccc2[nH]c3c(=O)n([C@@H](C)CCN4CCCCC4)ccc3c2c1,1.3594560201209867
E-0014659,O=C(NCCCN1CCCCC1)c1ccnc2c1[nH]c1cc(Cl)ccc12,1.3312247810207325
E-0011889,COC(=O)c1nn(-c2ccccc2)cc1N,0.36172783601759284
E-0014459,CN1CCC[C@@H](Cn2ccc3c([nH]c4cc(Cl)ccc43)c2=O)C1=O,1.6667051361198988
E-0014609,O=C(c1ccc2ccc(=O)[nH]c2c1)N1CCC(OC2CCN(C3CC3)CC2)CC1,0.367355921026019
E-0015003,O=c1cc(Nc2cccc(-c3cccc(F)c3)n2)ccn1CCN1CCC1,0.6414741105040995
E-0014654,COc1ccc(Oc2nccc(N(CCc3ccncc3)C3CC3)n2)cc1,1.2224563366792467
E-0014992,O=C(c1cc(-c2ccn3nccc3c2)n[nH]1)N1CCC(Oc2cncc(Cl)c2)CC1,0.7032913781186614
E-0014765,Fc1cccc(-c2cccc(Nc3ccc(CCN4CCC4)cn3)n2)c1,0.33041377334919086
E-0014552,Fc1cccc(-c2ccnc(Nc3ccc(CN4CCCCC4)cc3)c2)c1,0.2528530309798932
E-0014378,CNCCc1ccc(Nc2cccc(-c3cccnc3)n2)cc1,0.9684829485539351
E-0012923,NC(=O)Cc1ccnc(Nc2cccc(-c3cccnc3)n2)c1,0.6785183790401139
E-0013760,Nc1cc2ccncc2cc1-c1ccc(OCCN2CCCCC2)cc1,1.0464951643347082
E-0011928,c1cncc(-c2ccnc(Nc3ccc(CN4CCOCC4)cc3)n2)c1,1.585573518622731
E-0014090,COc1ccccc1-c1cc(C(=O)N2CCC(Oc3cncc(Cl)c3)CC2)[nH]n1,1.0086001717619175
E-0014149,O=C(c1n[nH]cc1-c1ccc2ncsc2c1)N1CCC(OC2CCN(C3CC3)CC2)CC1,0.4082399653118496
E-0012759,COc1ccc2[nH]c3c(=O)n(CC4(CN5CCCCC5)CC4)cnc3c2c1,1.4194600727860702
E-0014986,O=C(c1n[nH]c2cccnc12)N1CC[C@]2(C1)C[C@@H](Oc1cncc(Cl)c1)C2,0.8915374576725645
E-0014577,COc1cncc(OC2CCN(C(=O)c3n[nH]c4ccccc34)CC2)c1,1.3057811512549822
E-0013663,c1cc(OCCN2CCCCC2)cc(-c2ccc3ccncc3n2)c1,1.4399639359209049
E-0012936,COCC1CN(Cc2ccc(N3CCN(C(=O)c4cn(C)c5ncc(Cl)cc45)CC3)cc2)C1,1.2148438480476977
E-0014875,Cc1[nH]nc(C(=O)N2CCC(OC3CCN(C4CC4)CC3)CC2)c1C#Cc1cncnc1,0.6637009253896482
E-0014766,NC(=O)Cc1cccc(Nc2ccnc(-c3cccnc3)n2)n1,0.5514499979728752
E-0012188,CC(C)(Nc1cc(-c2ccccc2)[nH]c(=O)n1)c1ccccc1,1.3543005623453597
E-0012257,NC(=O)Cc1ccc(Nc2nccc(-c3cccnc3)n2)cc1,1.3304137733491908
E-0014885,COc1cncc(OC2CCN(C(=O)c3n[nH]c4cc(-c5ccccn5)cnc34)CC2)c1,-0.045757490560675115
E-0012219,COCC1(C)CN(Cc2ccc(N3CCN(C(=O)c4cn(C)c5ccccc45)CC3)cc2)C1,1.323252100171687
E-0012232,FC(F)(F)c1cccc(-c2ccnc(Nc3ccc(CN4CCOCC4)cc3)n2)c1,0.5646660642520893
E-0014894,COc1ccc(-c2cc(C(=O)N3CC[C@H](Oc4ccccc4)C3)[nH]n2)c(OC)c1,0.35024801833416286
E-0011942,CS(=O)(=O)Nc1cccc(-c2ccnc(Nc3ccc(CN4CCOCC4)cc3)n2)c1,1.2314695904306814
E-0014819,COc1ccc(-c2cc(NC3CCN(Cc4cncc(Cl)c4)CC3)n[nH]2)c(OC)c1,1.0318122713303703
E-0014046,COc1ccc(Nc2nccc(N(CCc3ccncc3)C3CC3)n2)cc1,1.6040099324122303
E-0014725,Nc1ccc(OCC2CNC2)cc1-c1cc(-c2ccncc2)ccn1,-0.14874165128092473
E-0014762,c1cncc(-c2cccc(Nc3ccc(CCN4CCC4)nc3)n2)c1,0.5171958979499743
E-0014405,NC(=O)Nc1nc(OCCN2CCCCC2)cnc1-c1ccccn1,1.6607706435276972
E-0014784,COc1ccc(C(F)(F)F)c2c1cc1c(=O)n(CCCN3CCCCC3)ccn12,1.1728946977521761
E-0013522,O=C(c1n[nH]cc1-c1cccnc1)N1CCC(Oc2ccc(Cl)cc2)CC1,1.408748606184244
E-0015038,COc1ccc(-c2cc(C(=O)N3C[C@H]4CC[C@@H](C3)[C@@H]4Oc3cncc(Cl)c3)[nH]n2)c(OC)c1,0.05690485133647255
E-0014485,COc1cncc(-c2nn(CCCN3CCCC3)c3ccc(O)cc23)c1,0.6757783416740851
E-0014537,O=c1c2[nH]c3cc(F)ccc3c2ccn1CCC1CCN1,0.964259630196849
E-0014580,CN1CCC[C@H](Cn2ccc3c([nH]c4cc(F)ccc43)c2=O)C1=O,1.6162654052817083
E-0013577,c1cc2ccc(-n3cc(OC4CNC4)cn3)cc2cn1,1.5185139398778875
E-0014569,O=C(c1n[nH]c2ccc(-c3ncccn3)cc12)N1CCC(Oc2ccc(Cl)cc2)CC1,-1.3010299956639813
E-0013702,c1cc(Nc2ccc(CN3CCOCC3)cc2)nc(-c2cncnc2)c1,1.711047603867034
E-0013848,COc1cncc(-c2cn(C)c3ccc(OCC4CNC4)cc23)c1,0.9772662124272926
E-0012920,COC1CCN(CCOc2cnn(-c3ccc4ccncc4c3)c2)CC1,1.3328422669943516
E-0013618,CC(C)(C)OC(=O)N1CC=C(c2c[nH]nc2C(=O)N2CCC(Oc3ccc(Cl)cc3)CC2)CC1,0.651278013998144
E-0014660,COc1ccc2c([nH]c3c(=O)n(CCCN4CCCCC4)ccc32)c1C(F)(F)F,1.3533390953113047
E-0014670,O=C(c1n[nH]c2ccccc12)N1[C@@H]2CC[C@H]1C[C@@H](OC1CCN(C3CC3)CC1)C2,1.4173055832445256
E-0014590,CNC(=O)Cc1cc(Nc2nccc(-c3cccnc3)n2)ccn1,0.15836249209524964
E-0014681,Cn1cc(C#Cc2cncs2)c(C(=O)N2CCN(Cc3cncc(Cl)c3)CC2)n1,1.2750808984568585
E-0015141,Cc1cc(-c2cccc(OC3CNC3)c2)cc2cnccc12,0.6803355134145632
E-0015092,O=C1COc2ccc(-c3cccc(OCCN4CCCCC4)n3)cc2N1,1.2271150825891253
E-0014952,CNCCc1cccc(Nc2cccc(-c3cccnc3)n2)n1,0.725094521081469
E-0011365,COc1cccc(Nc2nc(-c3ccccc3)cs2)c1,0.3053513694466238
E-0014723,CC(=O)N[C@H](C)COc1ccc([N+](=O)[O-])c(-c2cc(-c3ccncc3)ccn2)c1,1.2124539610402758
E-0013811,CCOc1ccc2[nH]c3c(=O)n(C[C@@H]4CCCN(C)C4)cnc3c2c1,1.4602963267574753
E-0013617,O=C(c1n[nH]cc1-c1ccccc1)N1CCC(Oc2ccccc2Cl)CC1,0.9960736544852753
E-0014492,CNCCOc1ccc(-c2ccc3ncncc3c2)c(N)c1,1.0993352776859577
E-0012241,CN(C)c1c[nH]nc1C(=O)N1CCC(Oc2ccc(Cl)cc2)CC1,1.6464037262230695
E-0014562,O=C(c1n[nH]c2cccnc12)N1CCN([C@@H](c2cncc(Cl)c2)C(F)(F)F)CC1,0.8836614351536176
E-0014335,NC(=O)Cc1cccc(Nc2cccc(-c3cncs3)n2)n1,1.1818435879447726
E-0011920,O=C(c1n[nH]c2ncccc12)N1CCC(Oc2ccc(Cl)cc2)CC1,1.445759836488631
E-0014079,O=C(c1n[nH]cc1C1CC1)N1CCC(Oc2ccc(Br)cc2)CC1,0.5390760987927766
E-0014801,Fc1cc2ccncc2cc1-c1ccc(OCCN2CCCC2)cc1,1.030599721965951
E-0014852,C[C@H](CN(C)C)NC(=O)c1nccc2ccc(-c3ccc(OCCN4CCC(F)(F)CC4)cc3)cc12,-0.744727494896694
E-0011944,Fc1cc(-c2ccnc(Nc3ccc(CN4CCOCC4)cc3)n2)cc(N2CCOCC2)c1,0.9689496809813426
E-0012871,COc1ccc2[nH]c3c(=O)n(CC(C)(C)CN4CCCCC4)cnc3c2c1,1.4755259150392808
E-0014229,O=c1c2[nH]c3cc(OCF)ccc3c2ccn1CCCN1CCCCC1,1.5333907080175513
E-0014828,COc1cc2ocnc2cc1-c1cc(C(=O)N2CCC(Oc3cncc(Cl)c3)CC2)[nH]n1,0.8068580295188175
E-0013866,COc1ccc2c(c1)[nH]c1c(=O)n(CCCN3CCCCC3)ncc12,1.5505952074893279
E-0014860,COC1CN(CCOc2ccc(-c3ccc4ccncc4c3)cc2)C1,0.9074113607745862
E-0015019,Clc1cc2ccncc2cc1-c1ccc(OCCN2CCCCC2)cc1,0.7831886910752576
E-0014051,Cc1ncc(COc2ccc3c(c2)c2ccn(CCCN4CCCCC4)c(=O)c2n3C)o1,1.330210784571528
E-0014635,c1cc(-c2ccc3cnncc3c2)ccc1CCN1CCC1,1.4871383754771865
E-0012838,COC1CN(CC#CCN2CCN(C(=O)c3cn(C)c4ccccc34)CC2)C1,1.2586372827240764
E-0014678,O=C(c1n[nH]cc1C#Cc1ccccn1)N1CCC(OC2CCN(C3CC3)CC2)CC1,0.5751878449276611
E-0014447,CCOC1CCN(C(=O)c2n[nH]cc2-c2ccc3ncsc3c2)CC1,1.1855421548543752
E-0014384,CN1CCN(C(=O)Nc2cccc(Nc3cccc(-c4cccnc4)n3)n2)CC1,0.7860412102425542
E-0015096,O=C1OCCN1CCOc1ccc(-c2ccc3ccncc3c2)cc1,1.196452541703389
E-0013754,Cn1ccc(-c2c[nH]nc2C(=O)N2CCC(Oc3ccc(Cl)cc3)CC2)n1,1.5207454715194824
E-0014839,O=C(c1n[nH]c2cccc(Cl)c12)N1CCC(Oc2cncc(Cl)c2)CC1,0.9324737646771533
E-0014821,O=C(c1n[nH]c2cnc(-c3ccccc3)nc12)N1CCC(Oc2ccc(Cl)cc2)CC1,-1.3010299956639813
E-0014665,COc1ccc(N2CCC(OC3CC3)CC2)cc1-c1n[nH]c2cccnc12,1.609060549930087
E-0014782,O=C(c1n[nH]cc1-c1ccc2ncsc2c1)N1CCN(CC2CCOCC2)CC1,0.436162647040756
E-0014655,CCc1cncc(OC2CCN(C(=O)c3n[nH]c4cccnc34)CC2)c1,0.414973347970818
E-0012196,Cn1cc(C(=O)N2CCN(c3ccc(CN4CC5(CCO5)C4)cc3)CC2)c2cccnc21,1.3712526291249394
E-0014620,CCOc1cc2c(cn1)c1ccn(CCCN3CCCCC3)c(=O)c1n2C,1.2035767749779727
E-0014942,COc1cncc(OC2CCN(C(=O)c3cc(-c4ccn5cncc5c4)n[nH]3)CC2)c1,0.20951501454263097
E-0014785,COc1c(Cl)ccc2c1[nH]c1c(=O)n(CCCN3CCCCC3)ccc12,1.1152775913959014
E-0014638,CNC(=O)Cc1cccc(N(C)c2cc(-c3cccnc3)ccn2)n1,1.3951515915045425
E-0012885,CN1CCN(c2ccc(Nc3cccc(-c4cccc(F)c4)n3)cc2)CC1,0.4487063199050799
E-0015138,O=C(c1n[nH]c2cc(Cl)ccc12)N1C[C@H]2CC[C@@H](C1)[C@@H]2Oc1cncc(Cl)c1,0.04921802267018165
E-0014652,COc1ccccc1-c1cc(C(=O)N2[C@@H]3CC[C@H]2C[C@H](OC2CCN(C4CC4)CC2)C3)n[nH]1,1.2195845262142546
E-0011898,O=C(c1n[nH]c2ccccc12)N1CC(NCc2ccc(Cl)cc2)C1,1.5776066773625357
E-0014525,O=C(c1ccc2[nH]ncc2c1)N1CCC(Oc2cncc(Cl)c2)CC1,1.2011238972073794
E-0014979,COc1ccc(-c2c[nH]nc2C(=O)N2CCN(c3cncc(Cl)c3)CC2)c(OC)c1,0.7649229846498885
E-0014918,Cn1cnc2cc(-c3ccc(OCCN4CCOCC4)cc3)ccc21,1.2828486028346449
E-0014601,CNC(=O)Cc1cccc(Nc2nccc(-c3cccnc3)n2)c1,1.0236639181977936
E-0012152,Cn1cc(C(=O)N2CCN(c3ccc(CN4CC(CO)C4)cc3)CC2)c2cccnc21,0.021189299069938092
E-0014300,Clc1ccc(N2CCN(Cc3n[nH]cc3-c3ccc4ncsc4c3)CC2)cc1,0.0
E-0012159,CN1CCN(Cc2ccc(Nc3nccc(-c4cccc(F)c4)n3)cc2)CC1,1.3592661646067485
E-0014696,COCCC(=O)Nc1cccc(-c2ccc3ccncc3c2)c1,0.6776069527204931
E-0014870,COc1ccc(Nc2nccc(N(CCCc3ccncc3)C3CC3)n2)cc1,0.436162647040756
E-0013803,O=C(c1n[nH]c2cccnc12)N1CCC(Oc2cccnc2C(F)(F)F)CC1,0.9580858485210851
E-0014355,O=C(c1n[nH]cc1-c1ccn2nccc2n1)N1CCN(C2CC2)CC1,0.6394864892685861
E-0013768,O=C(c1n[nH]c2cccnc12)N1[C@@H]2CC[C@H]1C[C@H](Oc1ccc(Cl)cc1)C2,1.5114822886260015
E-0014565,O=C(c1cc(-c2ccccc2F)[nH]n1)N1CCC(n2cnc3cc(Cl)ccc32)CC1,0.42488163663106704
E-0014509,O=C(c1n[nH]c2cccnc12)N1CCC(Oc2ccc(C3CC3)nc2)CC1,1.0726174765452365
E-0014749,O=C(c1n[nH]cc1C#Cc1ccccc1)N1CCC(OC2CCN(C3CC3)CC2)CC1,1.2278867046136734
E-0011880,Fc1cccc(-c2ccnc(Nc3ccc(CN4CCOCC4)cc3)n2)c1,1.3051363189436394
E-0014162,O=c1c2[nH]c3cc(F)ccc3c2ccn1CCC1CNC1,0.37106786227173627
E-0014128,O=C(c1n[nH]cc1-c1ccc2ncsc2c1)N1CCC(OC2CCNCC2)CC1,-0.22914798835785583
E-0014370,COc1cncc(-c2nn(C)c3ccc(OCCCN4CCCC4)cc23)n1,0.8413594704548549
E-0012937,COCC1CN(Cc2ccc(N3CCN(C(=O)c4cn(C)c5nccnc45)CC3)cc2)C1,0.7307822756663892
E-0012756,O=c1c2[nH]c3cc(Cl)ccc3c2ccn1CCCN1CCCCC1,1.2612628687924936
E-0014369,CN1CCC(C(F)(F)c2ccc(Nc3cccc(-c4cccnc4)n3)cc2)CC1,-0.1804560644581313
E-0014957,O=c1cc(Nc2cccc(-c3cccc(F)c3)n2)ccn1CCN1CC(F)(F)C1,0.9410142437055697
E-0014697,COCCC(=O)Nc1ccc(-c2ccc3ccncc3c2)cc1,1.1705550585212086
E-0014745,COc1ccc(Nc2cccc(N(CCc3ccncc3)C3CC3)n2)cc1,-0.3010299956639812
E-0014376,CNCCOc1ccc(-c2ccc3cncnc3c2)cc1,1.1922886125681202
E-0013667,c1cc2ccc(-n3cc(OCC4CCN4)cn3)cc2cn1,1.6157396886191548
E-0014968,Fc1c(OCCN2CCOCC2)ccc(-c2ccc3ccncc3c2)c1F,0.667452952889954
E-0014682,CNc1cc(OC)ncc1-c1cc(C(=O)N2CCN(Cc3cncc(Cl)c3)CC2)on1,1.0207754881935578
E-0012889,CN1CCN(c2ccc(OC3CCN(C(=O)c4n[nH]c5ccccc45)CC3)cc2)CC1,1.4336098433237183
E-0012933,COCC1CN(Cc2ccc(N3CC4CC(C3)N4C(=O)c3cn(C)c4ncccc34)cc2)C1,0.6324572921847242
E-0014760,CN1CCC(N2CCN(C(=O)c3n[nH]cc3-c3ccc4ncsc4c3)CC2)CC1,-0.4089353929735008
E-0014599,CN(c1cccc(CC(N)=O)c1)c1nccc(-c2cccnc2)n1,1.166133970305109
E-0014798,C[C@H](COc1ccc(-c2ccc3ccncc3c2)cc1)CC(N)=O,0.761927838420529
E-0012834,O=C(c1n[nH]c2ccccc12)N1CCC(c2ccc(CN3CCC3)cc2)CC1,1.351022852584124
E-0014680,COc1cc2ocnc2cc1-c1cc(C(=O)N2CCN(Cc3ccc(Cl)c(F)c3)CC2)[nH]n1,0.2600713879850748
E-0014967,Fc1cc(-c2ccc3ccncc3c2)ccc1OCCN1CCOCC1,1.0685568950723632
E-0014605,Cn1cnc2ccc(OC3CCN(C(=O)c4n[nH]c5cccnc45)CC3)cc21,-0.638272163982407
E-0014730,c1cncc(-c2cccc(Nc3ccc(CCN4CCC4)cn3)n2)c1,1.401228167498113
E-0015139,O=C(c1n[nH]c2cccc(Cl)c12)N1C[C@H]2CC[C@@H](C1)[C@@H]2Oc1cncc(Cl)c1,0.5250448070368452
E-0014556,CN1CCN(Cc2ccc(Nc3cccc(-c4cccc(F)c4)n3)cc2)CC1,-0.060480747381381476
E-0011988,COc1ccc2[nH]c3c(=O)n(C[C@@H]4CCCN(C)C4)cnc3c2c1,1.4762517960070336
E-0014034,O=C(c1n[nH]cc1-c1ccc2c(c1)OCO2)N1CCC(Oc2cncc(Cl)c2)CC1,0.7937903846908186
E-0014513,O=C(c1n[nH]c2ccccc12)N1CCC(Oc2cncc(C(F)(F)F)c2)CC1,1.0334237554869496
E-0011335,Cc1ccc(CNc2cc(-c3ccccc3)[nH]c(=O)n2)cc1,1.305566313515304
E-0014060,Cn1c2cc(Cl)ccc2c2cc(=O)n(CCCN3CCCCC3)nc21,1.4898179083014507
E-0014763,FC1(F)CN(CCc2ccc(Nc3cccc(-c4cccnc4)n3)cn2)C1,1.4184670209466006
E-0014398,Cc1[nH]nc(C(=O)N2CCC(OC3CCN(C4CC4)CC3)CC2)c1C(F)(F)F,0.9684829485539351
E-0012857,CN1CCN(c2ccc(Nc3nccc(-c4cc(F)cc(N5CCOCC5)c4)n3)cc2)CC1,1.000867721531227
E-0012809,COC1CN(Cc2ccc(Nc3nccc(-c4cccc(F)c4)n3)cc2)C1,1.3677285460869766
E-0012770,CS(=O)(=O)Nc1cccc(-c2cncc(Nc3ccc(CN4CCOCC4)cc3)n2)c1,0.8904210188009143
E-0014891,COc1ccc(-c2cc(C(=O)N3CCC(OC4CCOCC4)CC3)[nH]n2)c(OC)c1,1.0685568950723632
E-0014581,O=c1c2[nH]c3cc(O)ncc3c2ccn1CCCN1CCCCC1,-0.721246399047171
E-0012805,O=C(c1n[nH]c2ccccc12)N1CCC(Oc2ccc(Cl)cn2)CC1,1.2185355052165279
E-0014938,Cc1ccc2[nH]nc(C(=O)N3CCC(Oc4cncc(Cl)c4)CC3)c2n1,0.6803355134145632
E-0014980,COc1ccc(-c2cc(C(=O)N3CCC(Oc4ncccn4)CC3)[nH]n2)c(OC)c1,1.2966651902615312
E-0014845,c1cnc2cc(-n3ccc(OCC4CNC4)n3)ccc2c1,1.0503797562614579
E-0014921,Cn1ncc2ccc(-c3ccc(OCCN4CCOCC4)cc3)cc21,1.0253058652647702
E-0013955,Nc1ccc(OCCN2CCCCC2)cc1-c1cc(-c2ccncc2)ccn1,1.1858253596129622
E-0014108,CCOc1cc2[nH]c3c(=O)n(CCCN4CCCCC4)ccc3c2cn1,1.442793225939769
E-0014533,CN1CCC[C@@H](Cn2ccc3c([nH]c4cc(F)ccc43)c2=O)C1=O,1.6766936096248666
E-0013498,CN(C)CCc1ccc(Nc2cccc(-c3cccc(F)c3)n2)cc1,0.9680157139936417
E-0012788,COc1ccc2[nH]c3c(=O)n(CCN4CCCCC4)ccc3c2c1,1.3941013020400446
E-0014734,FC1(F)CN(CCn2cc(-c3ccc4ccncc4c3)cn2)C1,1.5759956202032677
E-0014733,CN(c1ccc(CCN2CCC2)cc1)c1nccc(-c2cccc(F)c2)n1,0.5263392773898441
E-0013637,Fc1cc(-c2cccc(Nc3ccc(C4CCNCC4)cc3)n2)cc(N2CCOCC2)c1,-0.08618614761628333
E-0015151,Nc1c(-c2ccc(OCCN3CCCCC3)cc2)cc2cnccc2c1C1CC1,0.1553360374650618
E-0014549,NC(=O)Cc1cc(Nc2nccc(-c3cccnc3)n2)ccn1,0.7611758131557314
E-0013514,Fc1cccc(-c2ccnc(Nc3ccc(CC4CCNCC4)cc3)n2)c1,0.5010592622177514
E-0014227,O=c1c2[nH]c3cc(F)ccc3c2ccn1CCCC1CNC1,0.5705429398818975
E-0014712,COc1c(F)ccc2cc3c(=O)n(CCCN4CCCCC4)ccn3c12,1.4299136977637545
E-0015078,COc1cccnc1-c1cc(C(=O)N2C[C@H]3CC[C@@H](C2)[C@@H]3Oc2cncc(Cl)c2)[nH]n1,0.919601023784111
E-0014441,O=C(c1n[nH]cc1-c1ccc2ocnc2c1)N1CCC2(CC1)CCN2c1ccc(Cl)cc1,0.4899584794248346
E-0012868,O=c1c2[nH]cc(-c3ccccc3)c2ncn1CCN1CCCCC1,1.460747541844197
E-0014582,CCOc1cc2[nH]c3c(=O)n(C[C@@H]4CCCN(C)C4)ccc3c2cn1,1.2377949932739225
E-0014835,O=C(c1n[nH]cc1-c1ccc2ncsc2c1)N1CCC(OC2CCN(CC(F)F)CC2)CC1,1.0318122713303703
E-0013726,C[C@H](N)COc1cnn(-c2ccc3ccncc3c2)c1,1.6068111469189634
E-0013599,CCn1c2ccc(O)cc2c2ncn(CCCN3CCCCC3)c(=O)c21,1.3471347829100198
E-0012794,O=C(c1n[nH]c2ccccc12)N1CCC2(CC1)CN(c1ccc(Cl)cc1)C2,0.5921767573958667
E-0012803,CS(=O)(=O)Nc1cccc(-c2cc(Nc3ccc(CN4CCOCC4)cc3)ncn2)c1,0.8987251815894934
E-0014596,CNC(=O)Cc1cccc(Nc2cc(-c3cccnc3)ccn2)n1,0.9111576087399766
E-0012200,C[C@@H](Nc1nc(-c2ccccc2)cc(=O)[nH]1)c1ccccc1,1.2400497721126476
E-0013526,O=C(c1n[nH]cc1-c1ccccc1)N1CCC(Oc2cccc(C(F)F)c2)CC1,1.2024883170600935
E-0012840,COc1ccc2[nH]c3c(=O)n(CC[C@H](C)N4CCCCC4)cnc3c2c1,1.5029730590656314
E-0012931,Cc1ccc2[nH]nc(C(=O)N3CCCN(C(=O)c4ccc(Cl)cc4)CC3)c2c1,1.4571246263034088
E-0014909,O=C(Cn1cccc(Nc2cccc(-c3cccnc3)n2)c1=O)N1CC(F)(F)C1,1.1408221801093106
E-0014408,COc1ccc2c3cc(=O)n(C[C@@H]4CCCN(C)C4)nc3n(C)c2c1,1.5852350633657752
E-0012938,COCC1CN(Cc2ccc(-c3c(C(=O)N4C[C@@H](C)N[C@@H](C)C4)c4cccnc4n3C)cc2)C1,-0.16749108729376366
E-0014833,O=C(c1n[nH]cc1C#Cc1cncs1)N1CCC(CN2CCCCC2)CC1,0.7007037171450193
E-0011924,Cc1cc(-c2ccccn2)cc2c3cc(OCCCN4CCCC4)ccc3n(C)c12,0.09691001300805642
E-0015039,Cn1ccc2c([nH]c3c(CCN4CCCCC4)cccc32)c1=O,1.3884564527002667
E-0014864,c1ccc(-n2ccc(Nc3ccc(OCCCN4CCOCC4)cc3)n2)nc1,1.0685568950723632
E-0014557,CN1CCN(Cc2ccc(Nc3cc(-c4cccc(F)c4)ccn3)cc2)CC1,0.021189299069938092
E-0014241,CCN1CCN(C(=O)c2n[nH]cc2-c2ccc3ncsc3c2)CC1,0.8488047010518037
E-0014721,CC(=O)N[C@H](C)COc1ccc(N)c(-c2cc(-c3ccncc3)ccn2)c1,1.388988785124714
E-0013992,COc1ccc2c(c1)c1ncn(C[C@H]3CCN(C)C3)c(=O)c1n2C,1.565729787831127
E-0014493,c1cc2ccc(-c3ccc(OCCN(C4CC4)C4CC4)cc3)cc2cn1,-1.0969100130080565
E-0012818,O=C(c1n[nH]c2ccccc12)N1[C@@H]2CC[C@H]1CC(Oc1ccc(Cl)cc1)C2,0.04532297878665747
E-0012208,CN(C)CCOc1cccc(Nc2nc(-c3ccccc3)cs2)c1,0.7745169657285496
E-0012881,NC(=O)Cc1cccc(Nc2nccc(-c3cc(F)cc(N4CCOCC4)c3)n2)c1,1.3092041796704075
E-0012819,COc1cccc2c1[nH]c1c(=O)n(CCCN3CCCCC3)ccc12,1.3560258571931227
E-0014431,O=C(Cc1cccc(Nc2cccc(-c3cccnc3)n2)n1)NC1CCOCC1,1.3062105081677615
E-0014981,COc1ccc(-c2cc(C(=O)N3CCC(Oc4cncc(Cl)n4)CC3)[nH]n2)c(OC)c1,0.7185016888672743
E-0014912,c1cc2ccc(-c3ccc(OCCN4CC5(COC5)C4)cc3)cc2cn1,0.9164539485499251
E-0011908,Cc1ccc2[nH]nc(C(=O)N3CCC(Oc4ccc(Cl)cc4)CC3)c2c1,0.6434526764861874
E-0012184,Fc1cc(F)cc(-c2ccnc(Nc3ccc(CN4CCOCC4)cc3)n2)c1,0.8325089127062363
E-0014675,COc1cncc(C2CCN(Cc3n[nH]cc3-c3ccc4ncsc4c3)CC2)c1,1.0748164406451748
E-0013515,CC(=O)Nc1ccc(Nc2nccc(-c3cccc(F)c3)n2)cc1,1.4915017662373264
E-0014932,O=C(c1n[nH]c2nc(-c3ccccc3)ncc12)N1CCC(Oc2cncc(Cl)c2)CC1,-0.4559319556497244
E-0014859,c1cc2ccc(-c3ccc(OCCN4CCC4)cc3)cc2cn1,1.0149403497929366
E-0012897,CN1CCC(c2cccc(Nc3cccc(-c4cccc(F)c4)n3)c2)CC1,0.08278537031645007
E-0015107,c1cc2ccc(-c3ccc(O[C@H]4CCNC4)cc3)cc2cn1,0.7839035792727349
E-0012898,CN1CCN(c2cccc(Nc3cccc(-c4cccc(F)c4)n3)c2)CC1,0.22271647114758328
E-0014639,CN(c1cc(-c2cccnc2)ccn1)c1cccc(CC(N)=O)n1,1.4109458586877746
E-0013602,COCC1CN(Cc2ccc(N3CCN(C(=O)c4cn(C)c5ncccc45)CC3)c(F)c2)C1,1.5116160205691376
E-0012887,Fc1cccc(-c2cccc(Nc3cccc(C4CCNCC4)c3)n2)c1,-0.017728766960431602
E-0012811,Fc1ccccc1-c1ccnc(Nc2ccc(CN3CCOCC3)cc2)n1,1.3279716236230106
E-0014778,COc1cc2ocnc2cc1-c1cc(C(=O)N2CCN(c3ccc(Cl)cc3)CC2)[nH]n1,0.22271647114758328
E-0014771,Cc1[nH]nc(C(=O)N2CCC(OC3CCN(C4CC4)CC3)CC2)c1C#Cc1cncn1C,-0.431798275933005
E-0014460,CN1CCC[C@H](Cn2ccc3c([nH]c4cc(Cl)ccc43)c2=O)C1=O,1.6341748717626001
E-0014944,O=C(c1cccc2[nH]cnc12)N1CCC(Oc2cncc(C(F)(F)F)c2)CC1,1.1939589780191868
E-0014851,C[C@@H](CN(C)C)NC(=O)c1nccc2ccc(-c3ccc(OCCN4CCC(F)(F)CC4)cc3)cc12,-0.431798275933005
E-0014504,c1cncc(-c2ccnc(Nc3ccc(CN4CCCCC4)cc3)c2)c1,1.119585774961784
E-0014375,CC(=O)N[C@H](C)COc1ccc(-c2ccc3cnccc3c2)cc1,1.1752218003430523
E-0012850,Fc1cccc(-c2ccnc(Nc3ccc(N4CCOCC4)cc3)n2)c1,1.0107238653917732
E-0013588,O=C(c1[nH]ccc1-c1ccccc1)N1CCC(Oc2ccc(Cl)cc2)CC1,0.3010299956639812
E-0012217,COCC1CN(Cc2ccc(N3CCN(C(=O)c4cn(C)c5ccccc45)CC3)cc2)C1,1.3617278360175928
E-0012162,c1cc2ccc(-c3ccc(OCCN4CCCCC4)cn3)cc2cn1,1.352761191723831
E-0014668,O=C(c1n[nH]c2cncnc12)N1CCC(OC2CCN(C3CC3)CC2)CC1,0.07188200730612536
E-0012210,CC(=O)Nc1ccc(Nc2cc(N)n3nccc3n2)cc1,0.9943171526696367
E-0013778,COCC1CN(Cc2cccc(N3CCN(C(=O)c4cn(C)c5ncccc45)CC3)c2)C1,1.2796669440484556
E-0014923,Fc1cc(-c2ccc3ccncc3c2)c(F)cc1OCCN1CCOCC1,0.8662873390841949
E-0013583,c1cc(CN2CCOCC2)cc(Nc2cc(-c3cccc(N4CCOCC4)c3)ccn2)c1,1.1417632302757879
E-0014744,COc1ccc(Nc2cc(N(CCc3ccncc3)C3CC3)ccn2)cc1,0.9420080530223133
E-0014976,COc1cc(OCCN2CCOCC2)ccc1-c1ccc2ccncc2c1,1.0161973535124391
E-0014803,COc1cc2ccncc2cc1-c1ccc(OCCN2CCCC2)cc1,1.0817072700973491
E-0013622,O=C(c1[nH]ncc1-c1ccccc1)N1CCC(Oc2ccc(Cl)nc2)CC1,1.5576274884268266
E-0014575,COc1cncc(OC2CCN(C(=O)c3cc(-c4ccccc4OC)[nH]n3)CC2)c1,0.8597385661971468
E-0014988,Clc1cncc(O[C@H]2C[C@@]3(CCN(Cc4n[nH]c5cccnc45)C3)C2)c1,1.2182728535714475
E-0014426,O=C1NCc2ccc(Nc3cccc(-c4cccnc4)n3)cc21,1.2190603324488614
E-0012135,COc1cccc2c(C(=O)N3CCN(c4ccc(CN5CC(OC)C5)cc4)CC3)cn(C)c12,1.3803921600570273
E-0014110,CC(C)NCCn1ccc2c([nH]c3cc(F)ccc32)c1=O,1.455606112581867
E-0015031,Clc1cncc(O[C@@H]2[C@@H]3CC[C@H]2CN(Cc2n[nH]c4ccc(-c5ccccn5)cc24)C3)c1,-0.5086383061657274
E-0014532,Cc1[nH]nc(C(=O)N2CCC(OC3CCN(C4CC4)CC3)CC2)c1Cl,1.1866738674997452
E-0014548,CN(c1cccc(-c2cccc(F)c2)n1)c1nccn1CC1CCNCC1,0.004321373782642578
E-0012810,COCC1CN(Cc2ccc(Nc3nccc(-c4cccc(F)c4)n3)cc2)C1,1.3749315539781881
E-0013517,Fc1ccc(F)c(-c2ccnc(Nc3ccc(CN4CCOCC4)cc3)n2)c1,0.9339931638312423
E-0014808,C[C@@H](CN(C)C)NC(=O)c1nccc2ccc(-c3ccc(OCCN4CCCCC4)cc3)cc12,0.06818586174616162
E-0012925,O=C(c1n[nH]c2ccccc12)N1CCC(c2ccc(CN3CC(F)C3)cc2)CC1,1.4884096889031981
E-0014776,Cn1ncc(C#Cc2cncs2)c1C(=O)N1CCN(Cc2cncc(Cl)c2)CC1,1.3328422669943516
E-0014796,CN1CCN(CCCOc2ccc3sc4c(c3c2)SCCN(C)C4=O)CC1,1.338854746252323
E-0014890,O=C(c1n[nH]c2c(F)cccc12)N1CCC(Oc2cncc(Cl)c2)CC1,0.9712758487381052
E-0014606,Cc1[nH]nc(C(=O)N2CCC(Oc3ccc4ncn(C)c4c3)CC2)c1C(F)(F)F,0.19589965240923374
E-0014718,CC(=O)N[C@@H](C)COc1ccc(N)c(-c2cc(-c3ccncc3)ccn2)c1,1.2540644529143379
E-0013537,COC[C@H]1COCCN1Cc1ccc(N2CCN(C(=O)c3cn(C)c4ncccc34)CC2)cc1,1.5524248457040855
E-0011882,c1cc2ccc(-n3cc(OCCN4CCCCC4)cn3)cc2nn1,1.5345337560051155
E-0014632,Fc1cccc(-c2ccnc(Nc3ccc(CN4CCN(C5CC5)CC4)cc3)n2)c1,0.5065050324048721
E-0015049,Nc1ccc(OCCN2CCCCC2)cc1-c1cc(-c2ccnnc2)ccn1,0.8609366207000937
E-0013732,c1cc(-c2ccnc(Nc3ccc(CN4CCOCC4)cc3)n2)cnn1,1.602494068807281
E-0012783,COc1ccc2[nH]c3c(=O)n(CC(C)(C)CN4CCCCC4)ccc3c2c1,1.331427296520743
E-0013507,COCC1CN(Cc2ccc(N3CCN(C(=O)c4cn(C)c5nc(Cl)ccc45)CC3)cc2)C1,1.4312028845565166
E-0012793,O=C(c1n[nH]c2cc(F)ccc12)N1CCC(Oc2ccc(Cl)cn2)CC1,1.171141151028382
E-0014363,CN1CCC[C@@H](Cn2nc3c(cc2=O)c2ccc(Cl)cc2n3C)C1,1.5185139398778875
E-0014337,NC(=O)Cc1cccc(Nc2cccc(-c3cccnc3Cl)n2)n1,1.1829849670035817
E-0014746,COc1ccc(N(C)c2nccc(N(CCc3ccncc3)C3CC3)n2)cc1,0.9694159123539814
E-0014364,CN1CCC[C@@H](COc2cc3c4ccc(Cl)cc4n(C)c3nn2)C1,1.319314304090512
E-0012786,O=c1c2[nH]c3cc(C(F)(F)F)ccc3c2ccn1CCCN1CCCCC1,0.8965262174895553
E-0013911,CC(C)Nc1ccc(-c2cn(C)c3ccc(OCCCN4CCCC4)cc23)cn1,1.037027879755775
E-0015101,Cc1nccc2ccc(-c3ccc(OCCN4CCCCC4)cc3)cc12,0.7267272090265723
E-0013844,COCCNC(=O)c1ccc(-c2ccc3ccncc3c2)cc1,1.4983105537896004
E-0014841,O=C(c1n[nH]c2cc(Cl)ccc12)N1CCC(Oc2cncc(Cl)c2)CC1,0.7693773260761385
E-0011938,Cn1cc(C(=O)N2CCN(c3ccc(CN4CCC4)cc3)CC2)c2cccnc21,1.0780941504064108
E-0011694,Fc1cc(-c2ccnc(Nc3cccc(CN4CCOCC4)c3)n2)cc(N2CCOCC2)c1,1.1702617153949575
E-0015005,O=c1cc(Nc2nccc(-c3cccc(F)c3)n2)ccn1CCN1CC(F)(F)C1,1.2785249647370176
E-0014519,O=C(c1cccc2cn[nH]c12)N1CCC(Oc2ccc(Cl)cc2)CC1,0.7160033436347992
E-0011791,CS(=O)(=O)Nc1cccc(-c2ccnc(Nc3ccc(CC(N)=O)cc3)n2)c1,0.21748394421390624
E-0014496,CC(=O)Nc1cc(Nc2cccc(-c3cccnc3)n2)ccn1,1.14705767102836
E-0015102,Cc1c(-c2ccc(OCCN3CCCCC3)cc2)ccc2ccncc12,0.8992731873176038
E-0014400,N#Cc1ccc(OC2CCN(C(=O)c3n[nH]cc3-c3ccc4scnc4c3)CC2)cc1,0.008600171761917567
E-0014676,c1nc2ccc(-c3c[nH]nc3CN3CCC(N4CCOCC4)CC3)cc2s1,1.129045059887958
E-0014406,COCC1CN(Cc2ccc(N3C[C@@H](C)N(C(=O)c4cn(C)c5ncccc45)[C@@H](C)C3)cc2)C1,1.5236164190543708
E-0012814,COc1cccc(Nc2cc(C)nc3ccc(C(N)=O)cc23)c1,1.3326404103874627
E-0014416,Cn1cc(-c2cncc(OCC(F)F)c2)c2cc(OCCCN3CCCC3)ccc21,0.6830470382388496
E-0012213,Cn1cc(C(=O)N2CCN(c3ccc(CN4CCC4)cc3)CC2)c2ccccc21,1.3619166186686433
E-0012083,Cn1cc(C(=O)N2CCN(c3ccc(CN4CC(O)C4)cc3)CC2)c2cccnc21,0.7466341989375788
E-0014522,O=C(c1cccc2[nH]ncc12)N1CCC(Oc2ccc(Cl)cc2)CC1,0.8162412999917831
E-0014502,CN(c1cc(-c2cccnc2)ccn1)c1ccnn1CC1CCNCC1,-0.638272163982407
E-0014907,CN(C)C(=O)Cn1cccc(Nc2cccc(-c3cccnc3)n2)c1=O,1.3911116137028026
E-0013501,O=C(c1n[nH]c2ccccc12)N1CCc2c(ncn2-c2ccc(Cl)cc2)C1,1.2913688504515826
E-0014895,COc1ccc(-c2cc(C(=O)N3CC[C@@H](Oc4ccccc4)C3)[nH]n2)c(OC)c1,0.02530586526477026
E-0014789,COc1ccc(C(F)(F)F)c2c1c1cc[nH]c(=O)c1n2CCCN1CCCCC1,0.9614210940664483
E-0015132,COc1cccnc1-c1cc(CN2C[C@H]3CC[C@@H](C2)[C@@H]3Oc2cncc(Cl)c2)[nH]n1,0.9552065375419417
E-0014871,COc1ncc(Oc2cccc(N(CCc3ccncc3)C3CC3)c2)cn1,1.0086001717619175
E-0014393,O=C(c1n[nH]cc1C#Cc1cncs1)N1CCC(OC2CCN(C3CC3)CC2)CC1,0.8115750058705934
E-0014916,Cn1cc2cc(-c3ccc(OCCN4CCOCC4)cc3)ccc2n1,1.3989810666581313
E-0013528,CN(C)Cc1ccc(-c2c[nH]nc2C(=O)N2CCC(Oc3ccc(Cl)cc3)CC2)cc1,1.2377949932739225
E-0014817,c1ncc2cc(-c3ccc(OCCN4CCNCC4)cc3)ccc2n1,1.0342272607705507
E-0014640,c1cc2ccc(-c3cnn(CCC4CNC4)c3)cc2cn1,0.06069784035361165
E-0014727,C[C@H](N)COc1ccc2sc3c(c2c1)SCCNC3=O,0.8394780473741984
E-0014729,c1cncc(-c2cccc(Nc3cccc(CCN4CCC4)n3)n2)c1,1.2219355998280053
E-0014647,O=C(c1n[nH]c2cnc(-c3ccccn3)cc12)N1CCC(OC2CCN(C3CC3)CC2)CC1,0.5910646070264992
E-0014774,Cn1ncc(-c2ccc3ncsc3c2)c1C(=O)N1CCC(OC2CCN(C3CC3)CC2)CC1,1.3151303171836017
E-0012231,O=C1CCc2ccc(-c3ccc(OCCN4CCCCC4)cn3)cc2N1,1.5576274884268266
E-0014940,COc1cncc(OC2CCN(C(=O)c3cc(-c4cc5ncn(C)c5cc4OC)n[nH]3)CC2)c1,-0.3979400086720376
E-0014422,Nc1cc(OCCN2CCC(F)(F)CC2)ccc1-c1ccc2ccncc2c1,0.5786392099680724
E-0013598,CCOc1ccc2[nH]c3c(=O)n(CCCN4CCCCC4)cnc3c2c1,1.2702128548962426
E-0011894,CN(C)CCCOc1ccccc1Nc1nc(-c2ccc(F)cc2)cs1,0.4082399653118496
E-0013527,O=C(c1n[nH]cc1-c1ccc(CO)cc1)N1CCC(Oc2ccc(Cl)cc2)CC1,1.1212314551496214
E-0013789,COc1cncc(-c2cn(C)c3ccc(OC4CCNC4)cc23)c1,1.147985320683805
E-0012922,NC(=O)Cc1cccc(Nc2cccc(-c3cccnc3)n2)c1,0.9375178920173467
E-0015054,O=c1cc(Nc2cccc(-c3cccc(F)c3)n2)cnn1CCN1CC(F)(F)C1,1.2000292665537704
E-0012099,COC1CN(Cc2ccc(N3CCN(C(=O)c4cn(C)c5ccccc45)CC3)cn2)C1,1.4629966120280562
E-0014510,COc1cccc(-c2cc(C(=O)N3CCC(Oc4cncc(Cl)c4)CC3)n[nH]2)n1,0.7474118078864233
E-0013753,O=C(c1n[nH]cc1-c1ccccc1)N1[C@@H]2CC[C@H]1C[C@H](Oc1ccc(Cl)cc1)C2,1.0034605321095065
E-0014755,COc1cncc(CN2CCN(C(=O)c3n[nH]cc3C#Cc3cncs3)CC2)c1,0.23299611039215382
E-0014982,Cc1cccc2[nH]nc(C(=O)N3CCC(Oc4cncc(C5CC5)c4)CC3)c12,1.000867721531227
E-0012928,O=C1CN(C(=O)c2n[nH]c3ccccc23)CCN1Cc1ccc(Cl)cc1,1.3588862044058692
E-0014499,NC(=O)Cc1cc(Nc2cc(-c3cccnc3)ccn2)ccn1,-0.27572413039921095
E-0014713,NC(=O)Nc1nc(OCCN2CCCCC2)ccc1-c1ncccn1,1.5219222448835004
E-0014530,O=C(c1cccc2cc[nH]c12)N1CCC(Oc2cncc(Cl)c2)CC1,1.0025979807199086
E-0014341,c1cc2ccc(-c3ccc(OCCNC4COC4)cc3)cc2cn1,1.13640344813399
E-0012831,Nc1c[nH]nc1C(=O)N1CCC(Oc2ccc(Cl)cc2)CC1,1.5952757118020995
E-0012765,COc1cccc(-c2ccnc(Nc3cccc(CC(N)=O)c3)n2)c1,1.4596939764779706
E-0014239,O=C(c1n[nH]cc1-c1ccc2ncsc2c1)N1CCN(C2CC2)CC1,1.2229764498933913
E-0015154,Cc1cc2ccc(-c3ccc(OCCN4CCCCC4)cc3)cc2cn1,0.42975228000240795
E-0012791,COc1cccc(Nc2cc(C)nc3ccc(-c4ncc[nH]4)cc23)c1,0.9385197251764918
E-0014767,O=C(Cn1cccc(Nc2cccc(-c3cccnc3)n2)c1=O)N1CCCC1,1.3408405498123317
E-0011941,Cc1c(N)c(-n2cc(OCCN3CCCCC3)cn2)cc2cnccc12,1.1322596895310446
E-0012892,O=C(c1n[nH]c2ccncc12)N1CCC(Oc2ccc(Cl)cc2)CC1,1.6587743208443568
E-0012535,Cn1cc(C(=O)N2CCC(Oc3ccc(Cl)cc3)CC2)c2ccccc21,0.8876173003357362
E-0013536,CO[C@@H]1CCN(Cc2ccc(N3CCN(C(=O)c4cn(C)c5ncccc45)CC3)cc2)C1,1.417969642214737
E-0014538,CN(c1cccc(-c2cccc(S(C)(=O)=O)c2)n1)c1ccn(CC(N)=O)n1,1.395675785269936
E-0012220,Cn1cc(C(=O)N2CCN(c3ccc(CN4CC5(COC5)C4)cc3)CC2)c2ccccc21,1.2467447097238413
E-0012203,O=c1ccc2ccc(-c3ccc(OCCN4CCCCC4)cc3)cc2[nH]1,1.5268559871258747
E-0014764,Fc1cccc(-c2cccc(Nc3cccc(CCN4CCC4)n3)n2)c1,-0.2924298239020636
E-0012182,Fc1cccc(-c2ccnc(Nc3ccc(CN4CCNCC4)cc3)n2)c1,0.7218106152125465
E-0014689,c1ccc(-n2ccc(Nc3ccc(CCCCN4CCCC4)cc3)n2)nc1,0.8948696567452525
E-0014386,O=C(Nc1cccc(Nc2cccc(-c3cccnc3)n2)n1)C1COC1,1.1914510144648953
E-0014970,Fc1cc(OCCN2CCOCC2)ccc1-c1ccc2ccncc2c1,0.9781805169374139
E-0013679,Cn1cnc2ccc(OC3CCN(C(=O)c4[nH]nc5ccccc45)CC3)cc21,1.5114822886260015
E-0013945,CNCCOc1ccc(-c2ccc3ccncc3c2)cc1,0.617000341120899
E-0012935,COCC1CN(Cc2ccc(N3CCN(C(=O)c4cn(C)c5ncc(C(F)(F)F)cc45)CC3)cc2)C1,1.1132746924643504
E-0014929,COc1cc(-c2ccc3ccncc3c2)ccc1OCCN1CCOCC1,1.04296907339318
E-0013758,Fc1cccc(-c2ccnc(Nc3ccc(NC4CCNCC4)cc3)n2)c1,1.011570443597278
E-0013815,CN1CCC[C@@H](Cn2ccc3c([nH]c4ccc(OCC5COC5)cc43)c2=O)C1,0.8987251815894934
E-0013651,O=C(c1[nH]ncc1-c1ccccc1)N1CCC(Oc2cncc(Cl)c2)CC1,1.4278105726759902
E-0014449,COc1ccc(-c2cc(C(=O)N3CCC(OCC(C)(C)O)CC3)n[nH]2)c(OC)c1,1.1894903136993675
E-0014886,COc1cncc(OC2CCN(C(=O)c3cc(-c4ccn5nccc5c4)n[nH]3)CC2)c1,0.9370161074648142
E-0015098,Cc1ccc2cnccc2c1-c1ccc(OCCN2CCCCC2)cc1,0.9138138523837167
E-0015097,Cc1cc2ccncc2cc1-c1ccc(OCCN2CCCCC2)cc1,0.8388490907372553
E-0012904,Fc1cccc(-c2cccc(Nc3ccc(CN4CCOCC4)cn3)n2)c1,1.390935107103379
E-0015144,C[C@@H](CN(C)C)NC(=O)c1nccc2ccc(-c3cccc(OCCCN4CCN(C)CC4)c3)cc12,-0.23657200643706278
E-0014861,COC1(C)CN(CCOc2ccc(-c3ccc4ccncc4c3)cc2)C1,0.989894563718773
E-0014100,CCOc1cc2[nH]c3c(=O)n(CCCN4CCCCC4)ccc3c2cc1F,1.4199557484897578
E-0013513,NC(=O)Cc1cncc(Nc2cccc(-c3cccnc3)n2)c1,-0.026872146400301365
E-0013833,CCOc1ccc2[nH]c3c(=O)n(C[C@@H]4CCN(C)C4)cnc3c2c1,1.3888114134735237
E-0015015,Fc1cc(-c2ccnc(Nc3cccc(CN4CCCCC4)c3)n2)cc(N2CCOCC2)c1,0.2741578492636798
E-0015094,C[C@H](N)COc1cccc(-c2ccc3c(c2)NC(=O)CO3)c1,0.9772662124272926
E-0014799,C[C@@H](COc1ccc(-c2ccc3ccncc3c2)cc1)CC(N)=O,0.921686475483602
E-0014884,O=C(c1n[nH]c2cccnc12)N1CCN(c2ccc(Cl)cn2)CC1,1.0240749873074262
E-0014608,O=C(c1ccc2ccc(=O)[nH]c2c1)N1CCC(Oc2ccc(Cl)cc2)CC1,1.0948203803547998
E-0013508,COCC1CN(Cc2ccc(N3CCN(C(=O)c4cn(C)c5ccc(F)cc45)CC3)cc2)C1,1.448551739201578
E-0014800,COc1cc2cccc(Nc3cccc(-c4cccnc4)n3)c2cn1,0.6954816764901974
E-0012754,COc1ccc2[nH]c3c(=O)n(C[C@@H](C)CN4CCCCC4)ccc3c2c1,1.4888326343824005
E-0015148,NC(=O)Cn1cc(Nc2cccc(-c3cccnc3)n2)ccc1=O,-0.721246399047171
E-0015014,CN1CCN(Cc2cccc(Nc3nccc(-c4cc(F)cc(N5CCOCC5)c4)n3)c2)CC1,0.7015679850559274
E-0013502,Cc1ccc2[nH]nc(C(=O)N3CCCN(Cc4ccc(Cl)cc4)C(=O)C3)c2c1,1.2973227142053025
E-0015100,CN(CCOc1ccc(-c2ccc3ccncc3c2)cc1)C1CC(F)(F)C1,0.20411998265592482
E-0014931,O=C(c1n[nH]c2cncnc12)N1CCC(Oc2ccc(Cl)cc2)CC1,1.2237554536572413
E-0014769,FC1(F)CC(NCCOc2ccc(-c3ccc4ccncc4c3)cc2)C1,0.19589965240923374
E-0014677,CCc1cncc(C2CCN(Cc3n[nH]cc3-c3ccc4ncsc4c3)CC2)n1,1.3621053192937729
E-0011881,c1cc2ccc(-n3cc(OCCN4CCCCC4)cn3)cc2cn1,1.4746532533620627
E-0014914,CC1(C)COCCN1CCOc1ccc(-c2ccc3ccncc3c2)cc1,0.3242824552976926
E-0014728,c1cncc(-c2cccc(Nc3cccc4cc(OC5CNC5)ccc34)n2)c1,0.11727129565576427
E-0014731,O=C1NCCN1c1cccc(Nc2cccc(-c3cccnc3)n2)n1,1.3918169236132487
E-0014604,COc1ccccc1-c1cc(C(=O)N2CCC(n3cnc4cc(Cl)ccc43)CC2)n[nH]1,0.28330122870354957
E-0014955,CNC(=O)Cc1cccc(Nc2nccc(-c3cnccn3)n2)n1,0.9786369483844743
E-0014832,O=C(c1n[nH]cc1C#Cc1cncs1)N1CCN(CC2CCOCC2)CC1,0.9921114877869497
E-0014768,CN(C)CCOc1ccc(-c2ccc3ccncc3c2)cc1,1.159266331093494
E-0014666,O=C(c1n[nH]c2ccc(=O)[nH]c12)N1CCC(Oc2ccc(Cl)cc2)CC1,1.1789769472931695
E-0014615,Clc1cncc(CNc2cc(-c3ccccc3)nc(NC3CCOCC3)n2)c1,0.9965116721541787
E-0014842,O=C(c1n[nH]c2ccc(Cl)nc12)N1CCC(Oc2cncc(Cl)c2)CC1,0.8668778143374989
E-0014927,Cc1cc(Nc2nccc(-c3ccnnc3)n2)ccc1CN1CCOCC1,1.5839917991983163
E-0013593,O=C(c1n[nH]cc1C1=CCCC1)N1CCC(Oc2ccc(Cl)cc2)CC1,0.8082109729242221
E-0015032,O=C(c1n[nH]cc1C#Cc1cncs1)N1C[C@H]2CC[C@@H](C1)[C@@H]2Oc1cncc(Cl)c1,1.0334237554869496
E-0014362,O=c1c2[nH]c3cc(F)ccc3c2ccn1CCCN1CC2(CCO2)C1,1.5582284218033258
E-0014456,O=C(c1n[nH]c2cccnc12)N1CCC(OC2CCN(C3CC3)CC2)CC1,0.3521825181113625
E-0012853,CN(C)Cc1ccc(Nc2nccc(-c3cccc(F)c3)n2)cc1,1.2555137128195333
E-0014482,O=C1Cc2ccc(-n3cc(OCC4CNC4)cn3)cc2N1,0.06445798922691845
E-0013506,COCC1CN(Cc2ccc(N3CCN(C(=O)c4cn(C)c5ncc(F)cc45)CC3)cc2)C1,1.380934463330702
E-0014736,c1cc2ccc(-c3cnn(CCN4CCOCC4)c3)cc2cn1,1.543322900646912
E-0014695,COCCNC(=O)c1cccc(-c2ccc3ccncc3c2)c1,1.3005954838899636
E-0012807,CS(=O)(=O)Nc1cccc(-c2ccnc(Nc3ccc(CN4CCC(F)(F)CC4)cc3)n2)c1,1.14921911265538
E-0014417,Cn1cc(CC#N)c2cc(OCCCN3CCCC3)ccc21,1.4075608494863625
E-0014529,O=C(c1cccc2nc[nH]c12)N1CCC(OC2CCN(C3CC3)CC2)CC1,0.8267225201689921
E-0014737,c1ncc2cc(-c3cnn(CCC4CNC4)c3)ccc2n1,0.13033376849500614
E-0014984,O=C(c1n[nH]c2cc(OC(F)(F)F)ccc12)N1CCC(Oc2cncc(C3CC3)c2)CC1,-0.38721614328026455
E-0014631,NC(=O)Cc1ccc(Nc2ccn(-c3ccccn3)n2)cc1,1.3283796034387378
E-0014371,c1cc(OC2CNC2)cc(-c2ccc3ccncc3c2)c1,0.885926339801431
E-0012201,O=c1cc(-c2ccccc2)nc(NC2(c3ccccc3)CC2)[nH]1,1.2732328340430457
E-0013694,O=C1CCc2ccc(-c3cc(OCCN4CCCCC4)ccn3)cc2N1,1.6162654052817083
E-0013503,O=C(c1n[nH]cc1-c1ccccc1)N1CCC(Oc2ccc(CO)cc2)CC1,0.7259116322950482
E-0014809,C[C@H](CN(C)C)NC(=O)c1nccc2ccc(-c3ccc(OCCN4CCCCC4)cc3)cc12,0.19589965240923374
E-0012796,Nc1cc2c(cc1-n1cc(OCCN3CCCCC3)cn1)NC(=O)CC2,0.9513375187959177
E-0014336,NC(=O)Cc1cccc(Nc2cccc(-c3cncnc3)n2)n1,0.8312296938670634
E-0012845,Nc1ccc(OCCN2CCCCC2)cc1-c1cc2cnccc2cn1,1.5608626947274649
E-0014626,c1cc2ccc(-c3ccc(OCCNC4CC4)cc3)cc2cn1,0.8488047010518037
E-0014455,N#Cc1ccc(OC2CCN(C(=O)c3n[nH]c4cccnc34)CC2)cc1,0.2013971243204515
E-0013807,O=c1c2[nH]c3c(F)cccc3c2ncn1CCCN1CCCCC1,1.4542348957482656
E-0012862,O=C(c1n[nH]c2ccccc12)N1CCC(Oc2ccc(C(F)F)cc2)CC1,1.4187982905903536
E-0014491,Cc1cc(-c2cccc(Nc3cccc(-c4cccnc4)n3)n2)[nH]n1,0.30319605742048883
E-0014372,COc1cncc(-c2cn(C)c3cnc(OCCCN4CCCC4)cc23)c1,0.8733206018153987
E-0012187,C[C@@H](Nc1cc(-c2ccccc2)[nH]c(=O)n1)c1ccccc1,1.3434085938038574
E-0014613,COc1cncc(OC2CCN(C(=O)c3n[nH]c(C)c3C(F)(F)F)CC2)c1,0.9947569445876281
E-0014444,Clc1cncc(CN2CCC(Nc3n[nH]cc3-c3ccc4ncsc4c3)CC2)c1,1.1248301494138593
E-0011971,COc1ccc2[nH]c3c(=O)n(CC4CCC(=O)NC4)cnc3c2c1,0.38021124171160603
E-0014150,O=C(c1n[nH]cc1C#Cc1cncs1)N1CCN(Cc2cncc(Cl)c2)CC1,0.8195439355418687
E-0012118,COC1CN(Cc2ccc(N3CCN(C(=O)c4cc5ccccc5n4C)CC3)cc2)C1,1.4438885467773719
E-0014387,O=C(c1n[nH]cc1-c1ccccc1)N1CCN(C(c2cncc(Cl)c2)C(F)(F)F)CC1,0.9169800473203822
E-0014961,Cc1cc(-c2ccncc2)cc(-c2cccc(OCCN3CCCCC3)c2)c1N,0.4623979978989561
E-0014964,C[C@@H]1CN(CCOc2ccc(-c3ccc4ccncc4c3)cc2)CCO1,0.7092699609758307
E-0012334,O=C(c1cccc2[nH]cnc12)N1CCC(Oc2ccc(Cl)cc2)CC1,1.2022157758011316
E-0015029,O=C(c1n[nH]c2cccnc12)N1CCC2(CC[C@H](Oc3cncc(Cl)c3)C2)CC1,1.1541195255158467
E-0012865,COc1ccc2[nH]c3c(=O)n(C[C@H](C)CN4CCCCC4)cnc3c2c1,1.494988973683168
E-0014430,CN1CC(NC(=O)Cc2cccc(Nc3cccc(-c4cccnc4)n3)n2)C1,-0.4559319556497244
E-0012825,O=c1c2[nH]c3ccc(C(F)(F)F)cc3c2ccn1CCCN1CCCCC1,1.2148438480476977
E-0012846,Nc1cc2ccncc2cc1-n1ccc(OCCN2CCCCC2)n1,1.3988077302032647
E-0015147,Cc1cc(-c2ccc(OCCN3CCCCC3)cc2)cc2ncccc12,0.724275869600789
E-0015030,Clc1cncc(O[C@@H]2[C@@H]3CC[C@H]2CN(Cc2n[nH]c4ncncc24)C3)c1,1.1357685145678222
E-0013800,O=C(c1c[nH]c2cccnc12)N1CCC(Nc2ccc(Cl)cc2)CC1,1.5510838651857803
E-0014812,O=C(Cn1cccc(Nc2cccc(-c3cccnc3)n2)c1=O)N1CCOCC1,1.351022852584124
E-0012895,COCC1CN(Cc2ccc(N3C4CC3CN(C(=O)c3cn(C)c5ccccc35)C4)cc2)C1,0.8175653695597808
E-0012186,COc1ccc(-c2cc(NCc3ccc(C)cc3)nc(=O)[nH]2)cc1,1.1510632533537501
E-0011026,COc1ccc(Nc2nccc(NCCc3ccncc3)n2)cc1,1.4214393902200497
E-0013594,COCC1CN(Cc2ccc(N3C[C@H]4CC[C@@H]3CN4C(=O)c3cn(C)c4ncccc34)cc2)C1,0.7979596437371961
E-0014420,CN1CCC(Cn2cc(N(C)c3nccc(-c4cccnc4)n3)cn2)CC1,1.1699681739968923
E-0013645,Cc1[nH]nc(C(=O)N2CCC(Oc3ccc(Cl)cc3)CC2)c1-c1ccccc1,0.6954816764901974
E-0014583,N#CCCc1cccc(Nc2cccc(-c3cccnc3)n2)n1,1.2743887955503788
E-0014836,O=C(c1n[nH]cc1-c1ccc2ncsc2c1)N1CCC(OC2CCN(CCF)CC2)CC1,0.20682587603184974
E-0013666,C[C@@H](COc1cnn(-c2ccc3ccncc3c2)c1)NC1CCC(F)(F)CC1,1.2545480771089739
E-0014235,Cc1cnc2c(-c3cn[nH]c3C(=O)N3CCC(Oc4ccc(Cl)cc4)CC3)cnn2c1,0.8344207036815325
E-0014543,NC(=O)Cc1cccc(Nc2cccc(-c3cnsc3)n2)n1,1.414973347970818
E-0014435,Cc1cn2nc(-c3c[nH]nc3C(=O)N3CCC(Oc4cncc(Cl)c4)CC3)cc2c(C)n1,0.1931245983544616
E-0015090,COC[C@H](C)NC(=O)c1cccc(-c2cc(C)c3ccncc3c2)c1,1.2723058444020865
E-0014971,Fc1cc(OCCN2CCOCC2)cc(F)c1-c1ccc2ccncc2c1,0.5065050324048721
E-0014937,Clc1cncc(OC2CCN(Cc3n[nH]c4cccnc34)C3(CC3)C2)c1,1.3942765267678214
E-0012789,COc1ccc2[nH]c3c(=O)n(CCCN4CCCCC4)cc(F)c3c2c1,1.3679147387937527
E-0014874,O=C(c1n[nH]cc1C#Cc1ncccn1)N1CCC(OC2CCN(C3CC3)CC2)CC1,-0.09691001300805639
E-0012771,CC(C)c1c[nH]nc1C(=O)N1CCC(Oc2ccc(Cl)cc2)CC1,1.0784568180532925
E-0014700,NC(=O)Cn1ccc(Nc2cccc(-c3cccc(S(N)(=O)=O)c3)n2)n1,-0.03621217265444471
E-0014368,COc1cc2[nH]c3c(=O)n(C[C@@H]4CCCN(C)C4)ccc3c2cn1,1.3236645356081003
E-0012781,O=C(c1n[nH]c2cc(F)ccc12)N1CCC(Oc2ccc(Cl)nc2)CC1,1.6770591773921615
E-0012934,COCC1CN(Cc2ccc(N3CC4CC(C3)N4C(=O)c3cn(C)c4ccccc34)cc2)C1,0.9334872878487055
E-0014876,O=C(c1n[nH]cc1C#Cc1ncccn1)N1CCC(Oc2ccc(Cl)cc2)CC1,0.5987905067631151
E-0014757,O=C(c1n[nH]cc1C#Cc1cncs1)N1CCN(c2ccc(Cl)cc2)CC1,0.8234742291703011
E-0014611,c1cnc2c(-c3ccc(OC4CCN(C5CC5)CC4)cc3)n[nH]c2c1,1.2060158767633447
E-0014960,c1cc(OCCN2CCCCC2)cc(-c2cc(-c3ccncc3)ccn2)c1,1.3443922736851108
E-0011956,O=C(c1nsc2ccccc12)N1CCN(Cc2ccc(Cl)cc2)CC1,1.4237372499823293
E-0015125,Fc1ccc2[nH]nc(CN3C[C@H]4CC[C@@H](C3)[C@@H]4Oc3cncc(Cl)c3)c2n1,1.0136796972911926
E-0014535,Cn1c2cc(O)ncc2c2ccn(CCCN3CCCCC3)c(=O)c21,0.13987908640123647
E-0013605,CN1CCCCC1c1ccc(Nc2cccc(-c3cccc(F)c3)n2)cc1,0.4487063199050799
E-0011930,c1cc(-c2ccnc(Nc3ccc(CN4CCOCC4)cc3)n2)cc(N2CCOCC2)c1,1.4000196350651586
E-0014394,O=C(c1n[nH]cc1-c1ccc(F)cc1)N1CCC(OC2CCN(C3CC3)CC2)CC1,1.0603200286882852
E-0014945,O=C(c1cccc2[nH]c(C3CC3)nc12)N1CCC(Oc2cncc(C(F)(F)F)c2)CC1,1.2823955047425255
E-0012169,Cc1ccccc1CNc1cc(-c2ccccc2)[nH]c(=O)n1,1.3531465462139793
E-0014438,O=C(c1n[nH]c2cccnc12)N1CCN(C(c2cncc(Cl)c2)C(F)(F)F)CC1,0.6148972160331346
E-0014594,NC(=O)Cc1cccc(Nc2ccn(-c3ccccn3)n2)c1,1.1498346967157849
E-0015010,F[C@H]1CCN(CCOc2ccc(-c3ccc4ccncc4c3)cc2)C1,1.09795107099415
E-0015093,CC(=O)N[C@@H](C)COc1cccc(-c2ccc3c(c2)NC(=O)CO3)c1,1.0842186867392387
E-0012917,COCC1CN(Cc2ccc(N3CC4CC3CN4C(=O)c3cn(C)c4ccccc34)cc2)C1,1.2038484637462348
E-0014877,COc1cc2ocnc2cc1-c1cc(C(=O)N2CCC(OC3CCN(C4CC4)CC3)CC2)n(C)n1,1.290257269394518
E-0012185,O=C(c1n[nH]c2ccccc12)N1CCN(Cc2ccc(Cl)cn2)CC1,1.4413808849165113
E-0012859,CN1CCN(c2cccc(Nc3nccc(-c4cc(F)cc(N5CCOCC5)c4)n3)c2)CC1,0.787460474518415
E-0014558,c1cnc2ccc(-c3ccc(CCN4CCC4)cc3)cc2c1,1.4065401804339552
E-0013892,COc1ccc(-c2cc(C(=O)N3CCC(Oc4cncc(Cl)c4)CC3)n[nH]2)cc1OC,0.6424645202421213
E-0012930,Cc1ccc2[nH]nc(C(=O)N3CCN(Cc4ccc(Cl)cc4)C(=O)C3)c2c1,1.3053513694466237
E-0014316,C#Cc1cccc2c(C(=O)N3CCN(c4ccc(CN5CC(OC)C5)cc4)CC3)cn(C)c12,1.2846562827885157
E-0014649,Cn1cnc2ccc(OC3CCN(C(=O)c4cc(-c5ccccc5F)[nH]n4)CC3)cc21,0.8864907251724818
E-0014483,C[C@H](c1ccc(Nc2cccc(-c3cccnc3)n2)cc1)C1CCN(C)CC1,0.6910814921229684
E-0014383,O=C(Nc1cccc(Nc2cccc(-c3cccnc3)n2)n1)C1CCC1,0.9247959957979122
E-0012256,NC(=O)Cc1ccc(Nc2nccc(-c3cccc(OC(F)(F)F)c3)n2)cc1,1.0569048513364727
E-0012234,Cc1c[nH]nc1C(=O)N1CCC(Oc2ccc(Cl)cc2)CC1,1.6402826296966808
E-0013870,COCC1CN([C@H](COC)c2ccc(N3CCN(C(=O)c4cn(C)c5ncccc45)CC3)cc2)C1,1.3615389712692791
E-0014962,c1cc2ccc(-c3ccc(OCCN4C5CCC4COC5)cc3)cc2cn1,0.4638929889859073
E-0012191,Cc1ccc2[nH]nc(C(=O)N3CCC(Nc4ccc(Cl)cc4)CC3)c2c1,1.2049335223541449
E-0013595,CCOc1ccc2c(c1)[nH]c1c(=O)n(CCCN3CCCCC3)ccc12,1.1634595517699902
E-0015037,O=C(c1[nH]ncc1-c1ccc2ncsc2c1)N1C[C@H]2CC[C@@H](C1)[C@@H]2Oc1cncc(Cl)c1,0.8603380065709937
E-0011890,COC(=O)c1nn(C(C)C)cc1N,1.5017437296279945
E-0012209,N#CCNC1CCN(C(=O)c2n[nH]c3ccccc23)CC1,1.4336098433237183
E-0011951,O=C(c1n[nH]c2ccccc12)N1CCN(Cc2ccc(Cl)c(F)c2)CC1,1.4919217125861508
E-0015071,CCOc1ccc2[nH]nc(CN3C[C@H]4CC[C@@H](C3)[C@@H]4Oc3cncc(Cl)c3)c2n1,0.5145477526602861
E-0014567,O=C(c1cccc2ccc(=O)[nH]c12)N1CCC(Oc2ccc(Cl)cc2)CC1,1.0944711286416449
E-0013678,CCc1ncccc1OC1CCN(C(=O)c2[nH]ncc2-c2ccccc2)CC1,1.4720246977002813
E-0014347,Clc1cncc(O[C@@H]2[C@@H]3CC[C@H]2CN(Cc2n[nH]c4cccnc24)C3)c1,1.3995006613146106
E-0015109,CN1CC[C@H](Oc2ccc(-c3ccc4ccncc4c3)cc2)C1,1.061829307294699
E-0012855,CN1CCC(c2ccc(Nc3nccc(-c4cc(F)cc(N5CCOCC5)c4)n3)cc2)CC1,0.6541765418779605
E-0014544,NC(=O)Cc1cccc(Nc2cccc(-c3ccnnc3)n2)n1,0.11394335230683678
E-0014404,O=C(c1n[nH]cc1-c1ccc2nccn2n1)N1CCC(OC2CCN(C3CC3)CC2)CC1,-0.17392519729917352
E-0012929,Cc1ccc2[nH]nc(C(=O)N3CCN(C(=O)c4ccc(Cl)cc4)CC3)c2c1,1.290034611362518
E-0014396,O=C(c1n[nH]cc1-c1ccc2ncsc2c1)N1CCC(OC2CCN(C3COC3)CC2)CC1,0.19865708695442263
E-0012863,O=C(c1n[nH]c2ccccc12)N1CCN(c2ccc(CN3CCC3)cc2)CC1,1.4906606533561368
E-0014896,COc1ccc(-c2cc(C(=O)N3CC[C@@H](OC)C3)[nH]n2)c(OC)c1,1.4379090355394983
E-0014953,O=C(Cn1cccc(Nc2cccc(-c3cccnc3)n2)c1=O)N1CCNCC1,-0.638272163982407
E-0014829,COc1cncc(OC2CCN(C(=O)c3cc(-c4cc5ncoc5cc4OC)n[nH]3)CC2)c1,0.8876173003357362
E-0012815,CNC(=O)c1ccc2nc(C)cc(Nc3cccc(OC)c3)c2c1,1.4871383754771865
E-0011932,CC(=O)Nc1cccc(-c2ccnc(Nc3ccc(CC(N)=O)cc3)n2)c1,0.22530928172586284
E-0014651,O=C(c1n[nH]c2ccccc12)N1[C@@H]2CC[C@H]1C[C@H](OC1CCN(C3CC3)CC1)C2,1.3380578754197563
E-0014963,C[C@H]1CN(CCOc2ccc(-c3ccc4ccncc4c3)cc2)CCO1,0.8536982117761743
E-0012249,Fc1cc(-c2ccnc(Nc3ccc(C4CCNCC4)cc3)n2)cc(N2CCOCC2)c1,0.38021124171160603
E-0012851,CN1CCC(c2ccc(Nc3nccc(-c4cccc(F)c4)n3)cc2)CC1,0.7497363155690611
E-0014788,COc1ccc(C(F)(F)F)c2[nH]c3c(=O)n(CCCN4CCCCC4)ccc3c12,1.1258064581395268
E-0012151,COC1(C)CN(Cc2ccc(N3CCN(C(=O)c4cn(C)c5ncccc45)CC3)cc2)C1,1.351022852584124
E-0014589,NC(=O)COc1cccc(Nc2cccc(-c3cccnc3)n2)n1,1.1065308538223813
E-0014674,O=C(c1n[nH]c2cccnc12)N1CCC(Oc2cncc(C3CC3)c2)CC1,0.4099331233312945
E-0012777,O=C(c1n[nH]c2cc(F)ccc12)N1CCN(Cc2ccc(Cl)cc2)CC1,1.2221960463017199
E-0014439,O=C(c1c(C2CC2)[nH]c2cccnc12)N1CCC(Oc2cncc(Cl)c2)CC1,0.6884198220027106
E-0013649,O=C(c1[nH]nc2ccccc12)N1CCC(Oc2cncc(Cl)c2)CC1,1.582404298019028
E-0014571,O=C(c1n[nH]c2ccc(-c3ncccn3)cc12)N1CCC(OC2CCN(C3CC3)CC2)CC1,0.9960736544852753
E-0013664,c1cc2ccc(-n3cc(OCCNC4CCOCC4)cn3)cc2cn1,1.414973347970818
E-0012797,Fc1cccc(-c2ccnc(Nc3ccc(CN4CCOCC4)cc3)c2)c1,0.7024305364455253
E-0012763,NC(=O)Cc1cccc(Nc2nccc(-c3cccc(N4CCOCC4)c3)n2)c1,1.3914644118391033
E-0014934,Clc1ccc(N2CCN(Cc3n[nH]cc3-c3ccc4ncsc4n3)CC2)cc1,0.8475726591421122
E-0012829,CN(c1ccc(Cl)cc1)C1CCN(C(=O)c2cn(C)c3ccccc23)CC1,0.7723217067229198
E-0014846,c1ccc(-n2cc(Nc3ccc(OCCCN4CCCC4)cc3)cn2)nc1,1.2924775936677841
E-0014794,Cc1cc(-c2ccc(OCCN3CCCCC3)cc2)cc2cnccc12,0.16136800223497488
E-0013720,COc1ccc2[nH]c3c(=O)n(C[C@@H]4CCN(C)C4)cnc3c2c1,1.3907585287387172
E-0013638,CN1CCC(c2ccc(Nc3cccc(-c4cc(F)cc(N5CCOCC5)c4)n3)cc2)CC1,0.1903316981702915
E-0013631,Cn1c2ccccc2c2c(Cl)cn(CCCN3CCCCC3)c(=O)c21,1.1728946977521761
E-0014432,CN1CCC(NC(=O)Cc2cccc(Nc3cccc(-c4cccnc4)n3)n2)CC1,-0.5528419686577808
E-0015123,FC(F)(F)c1ccnc2c(CN3C[C@H]4CC[C@@H](C3)[C@@H]4Oc3cncc(Cl)c3)n[nH]c12,0.8228216453031046
E-0014795,Cc1cc(-c2ccc(OCCN3CCCCC3)cc2)c2ccncc2c1,0.2810333672477275
E-0013745,COc1cccc2c1c1ccn(C[C@@H]3CCCN(C)C3)c(=O)c1n2C,1.4471580313422192
E-0013676,CCc1ncccc1OC1CCN(C(=O)c2[nH]nc3ccccc23)CC1,1.6012993101943376
E-0013690,COC1(C)CN(Cc2ccc(N3CCN(C(=O)c4cn(C)c5ncccc45)CC3)cc2C(F)(F)F)C1,1.5258219521566627
E-0013995,O=c1c2[nH]c3c(F)cccc3c2ccn1CCCN1CCCCC1,1.5036545192429593
E-0013813,COCC1CN(Cc2ccc(N3CCN(C(=O)c4cn(C)c5ncccc45)C[C@H]3C)cc2)C1,1.1922886125681202
E-0014484,C[C@@H](c1ccc(Nc2cccc(-c3cccnc3)n2)cc1)C1CCN(C)CC1,0.8247764624755457
E-0014523,O=C(c1cccc2[nH]ncc12)N1CCC(Oc2cncc(Cl)c2)CC1,1.2019430634016501
E-0014830,COc1cc2ocnc2cc1-c1cc(C(=O)N2CCC(OC3CCN(C4CC4)CC3)CC2)[nH]n1,1.100370545117563
E-0014508,CN1CCC(OC2CCN(C(=O)c3n[nH]cc3-c3ccc4ncsc4c3)CC2)CC1,0.14921911265537988
E-0014424,NC(=O)Cc1cccc(Nc2cccc(-c3cnccn3)n2)n1,1.4632956099620027
E-0012856,CN1CCC(c2cccc(Nc3nccc(-c4cc(F)cc(N5CCOCC5)c4)n3)c2)CC1,0.5932860670204572
E-0015104,CN1CCC(COc2ccc(-c3ccc4ccncc4c3)cc2)CC1,0.3944516808262163
E-0014781,O=C(c1n[nH]cc1C#Cc1cncs1)N1CCC(CN2CCC(F)(F)CC2)CC1,1.255995726722402
E-0014663,O=C(O)c1ccnc2c1[nH]c1cc(Cl)ncc12,-0.958607314841775
E-0012779,COc1ccc2c(C(=O)N3CCC(Oc4ccc(C(F)(F)F)cc4)CC3)n[nH]c2c1,0.45024910831936105
E-0012110,COC1CN(Cc2ccc(N3CCN(C(=O)c4cc(-c5ccccc5)on4)CC3)cc2)C1,1.502836638621003
E-0014844,O=c1cc2cccc(Nc3cccc(-c4cccnc4)n3)c2c[nH]1,1.1846914308175989
E-0013951,CC(=O)NCCOc1ccc(-c2ccc3ccncc3c2)cc1,1.321184027302314
E-0012839,COc1ccc2[nH]c3c(=O)n(CC[C@@H](C)N4CCCCC4)cnc3c2c1,1.469232742506612
E-0014657,O=C(c1n[nH]c2cccnc12)N1CC[C@H](Oc2cncc(Cl)c2)C1,0.46982201597816303
E-0014872,CN1[C@@H]2CC[C@H]1C[C@H](OC1CCN(C(=O)c3n[nH]cc3-c3ccc4ncsc4c3)CC1)C2,-0.5086383061657274
E-0012105,COc1ccc2[nH]c3c(=O)n(CCCN(C)CCCc4cnc(N)cc4OC)cnc3c2c1,0.04921802267018165
E-0014661,Cn1c2ccc(OCCn3cc(C#N)c(Cl)n3)cc2c2ccn(CCCN3CCCCC3)c(=O)c21,1.0232524596337116
E-0014139,NC(=O)Cc1ccnc(Nc2cccc(-c3cccnc3)n2)n1,1.4679039465228003
E-0014883,COc1cncc(CN2CCN(C(=O)c3n[nH]c4cccnc34)CC2)c1,0.02530586526477026
E-0012215,Cn1cc(C(=O)N2CCN(c3ccc(CN4CC(C(F)(F)F)C4)cc3)CC2)c2ccccc21,1.200303182981585
E-0014410,Cn1c2cc(F)ncc2c2ccn(CCCN3CCCCC3)c(=O)c21,1.323252100171687
E-0012173,C[C@H](Nc1cc(-c2ccccc2)[nH]c(=O)n1)c1ccccc1,1.3430144971507676
E-0011888,Nc1cc(-c2ccccc2)nc2nc(-c3ccccc3)cn12,1.3255156633631482
E-0012192,Cc1ccc2[nH]nc(C(=O)N3CCC(NCc4ccc(Cl)cc4)CC3)c2c1,1.414639146737009
E-0014965,c1cc(-c2ccc3cncn3c2)ccc1OCCN1CCOCC1,1.184975190698261
E-0012164,O=C(NC1CN(Cc2ccc(Cl)cc2)C1)c1n[nH]c2ccccc12,1.2785249647370176
E-0014563,O=c1cc(-c2ccccc2)nc(NCc2cncc(Cl)c2)[nH]1,0.651278013998144
E-0014515,O=C(c1n[nH]c2cc(-c3ncccn3)ccc12)N1CCC(OC2CCN(C3CC3)CC2)CC1,1.2253092817258628
E-0014395,CC(C)N1CCC(OC2CCN(C(=O)c3n[nH]cc3-c3ccc4ncsc4c3)CC2)CC1,-0.2006594505464183
E-0012836,COc1ccc2[nH]c3c(=O)n(CCCN4CCCCC4)cc(Cl)c3c2c1,1.0433622780211296
E-0012908,O=C(c1n[nH]c2ccccc12)N1C2CC1CN(Cc1ccc(Cl)cc1)C2,1.3184807251745174
E-0014392,O=C(c1n[nH]cc1-c1ccc2scnc2c1)N1CCC(OC2CCN(C3CC3)CC2)CC1,0.2304489213782739
E-0012240,CCc1ccc(CNc2cc(-c3ccccc3)[nH]c(=O)n2)cc1,1.4712917110589385
E-0014758,O=C(c1n[nH]cc1C#Cc1cncs1)N1CCN(c2ccc(Cl)cn2)CC1,0.9885589568786155
E-0013596,COCC1CN(Cc2ccc(N3CCN(C(=O)c4cn(C)c5ncccc45)CC3)cc2F)C1,1.3384564936046048
E-0014867,Cc1cc(-c2ccc3ccncc3c2)ccc1OCCN1CCOCC1,0.47712125471966244
E-0011891,O=C(c1nn(CCO)c2ccccc12)N1CCC(Oc2ccc(Cl)cc2)CC1,1.4983105537896004
E-0014592,NC(=O)Cc1cccc(Nc2nccc(-c3cccc(F)c3)n2)c1,1.0417873189717517
E-0013657,COCC1CN(Cc2ccc(N3CCN(C(=O)c4cn(C)c5ncccc45)CC3)cc2C(F)(F)F)C1,1.4316853446860118
E-0013770,O=C(c1n[nH]c2cc(OC(F)(F)F)ccc12)N1CCC(Oc2cncc(Cl)c2)CC1,1.1789769472931695
E-0014959,CS(=O)(=O)Nc1cccc(Nc2cccc(-c3cccnc3)n2)n1,0.9253120914996495
E-0015153,CC(C)c1cc(-c2ccc(OCCN3CCCCC3)cc2)cc2cnccc12,-0.3010299956639812
E-0015057,Clc1cc(-c2ccc(OCCN3CCCCC3)cc2)cc2cnccc12,-0.07058107428570727
E-0014667,O=C(c1n[nH]c2ccc(Cl)nc12)N1CCC(Oc2ccc(Cl)cc2)CC1,0.10037054511756291
