ID,SMILES,Caco2_efflux
E-0014884,O=C(c1n[nH]c2cccnc12)N1CCN(c2ccc(Cl)cn2)CC1,0.5327543789924978
E-0015038,COc1ccc(-c2cc(C(=O)N3C[C@H]4CC[C@@H](C3)[C@@H]4Oc3cncc(Cl)c3)[nH]n2)c(OC)c1,0.22530928172586284
E-0012787,O=c1c2[nH]c3cccc(C(F)(F)F)c3c2ccn1CCCN1CCCCC1,0.06445798922691845
E-0013941,c1cc2ccc(-c3ccc(OCCN4CCNCC4)cc3)cc2cn1,0.146128035678238
E-0011366,COc1ccc(-c2csc(Nc3ccccn3)n2)cc1,-0.3187587626244128
E-0012182,Fc1cccc(-c2ccnc(Nc3ccc(CN4CCNCC4)cc3)n2)c1,-0.0809219076239261
E-0012237,O=c1c2[nH]c3cc(OC(F)(F)F)ccc3c2ccn1CCCN1CCCCC1,-0.045757490560675115
E-0014426,O=C1NCc2ccc(Nc3cccc(-c4cccnc4)n3)cc21,0.28330122870354957
E-0014846,c1ccc(-n2cc(Nc3ccc(OCCCN4CCCC4)cc3)cn2)nc1,0.07554696139253074
E-0014642,Nc1cc(OCCN2CCCCC2)ccc1-c1cc(-c2ccncc2)ccn1,0.01703333929878037
E-0013600,CCOc1ccc2c(c1)c1ncn(CCCN3CCCCC3)c(=O)c1n2CC,0.10380372095595687
E-0014323,CC(C)N(C)CCn1ccc2c([nH]c3cc(F)ccc32)c1=O,-0.040958607678906384
E-0013594,COCC1CN(Cc2ccc(N3C[C@H]4CC[C@@H]3CN4C(=O)c3cn(C)c4ncccc34)cc2)C1,0.7641761323903307
E-0014946,COc1cccc2c(C(=O)N3CCC(Oc4cncc(Cl)c4)CC3)n[nH]c12,-0.05551732784983137
E-0012230,COc1ccc2c(c1)c1cc[nH]c(=O)c1n2CC(C)CN1CCCCC1,0.004321373782642578
E-0015066,Cc1c(N)c(-c2ccc(OCCN(C)C)cc2)cc2cnccc12,0.4099331233312945
E-0014336,NC(=O)Cc1cccc(Nc2cccc(-c3cncnc3)n2)n1,0.7201593034059569
E-0015127,Cc1ccc(F)c2[nH]nc(CN3C[C@H]4CC[C@@H](C3)[C@@H]4Oc3cncc(Cl)c3)c12,0.6618126855372612
E-0014580,CN1CCC[C@H](Cn2ccc3c([nH]c4cc(F)ccc43)c2=O)C1=O,0.008600171761917567
E-0012245,N#Cc1ccc(CN2CCN(C(=O)c3n[nH]c4ccccc34)CC2)cc1,0.0
E-0014489,Cc1c(N)c(-c2ccc(OCCN3CCCCC3)cc2)cc2cnccc12,0.38560627359831223
E-0013649,O=C(c1[nH]nc2ccccc12)N1CCC(Oc2cncc(Cl)c2)CC1,0.05690485133647255
E-0013760,Nc1cc2ccncc2cc1-c1ccc(OCCN2CCCCC2)cc1,-0.2076083105017461
E-0014457,O=C(c1n[nH]c2cccnc12)N1CCC(Oc2cncc(Br)c2)CC1,1.0492180226701815
E-0014954,NC(=O)Cc1cccc(Nc2nccc(-c3cnccn3)n2)n1,0.45331834004703764
E-0015158,CN1CC(Oc2ccc(-c3ccc4ccncc4c3)cc2)C1,-0.11350927482751812
E-0014953,O=C(Cn1cccc(Nc2cccc(-c3cccnc3)n2)c1=O)N1CCNCC1,1.6652056284346006
E-0014909,O=C(Cn1cccc(Nc2cccc(-c3cccnc3)n2)c1=O)N1CC(F)(F)C1,-0.09151498112135022
E-0014755,COc1cncc(CN2CCN(C(=O)c3n[nH]cc3C#Cc3cncs3)CC2)c1,1.2221960463017199
E-0014362,O=c1c2[nH]c3cc(F)ccc3c2ccn1CCCN1CC2(CCO2)C1,-0.031517051446064856
E-0014398,Cc1[nH]nc(C(=O)N2CCC(OC3CCN(C4CC4)CC3)CC2)c1C(F)(F)F,0.414973347970818
E-0012937,COCC1CN(Cc2ccc(N3CCN(C(=O)c4cn(C)c5nccnc45)CC3)cc2)C1,0.5365584425715302
E-0014537,O=c1c2[nH]c3cc(F)ccc3c2ccn1CCC1CCN1,0.04139268515822507
E-0013871,CC[C@@H](c1ccc(N2CCN(C(=O)c3cn(C)c4ncccc34)CC2)cc1)N1CC(COC)C1,0.2013971243204515
E-0013952,c1cnc2cc(-c3ccc(OCCN4CCCCC4)cc3)ccc2c1,0.33243845991560533
E-0014978,COc1ccc(-c2cc(C(=O)N3CCC(Oc4ccc(N(C)C)nc4)CC3)[nH]n2)c(OC)c1,0.13033376849500614
E-0014508,CN1CCC(OC2CCN(C(=O)c3n[nH]cc3-c3ccc4ncsc4c3)CC2)CC1,0.45331834004703764
E-0014889,O=C(c1n[nH]c2c(Cl)cccc12)N1CCC(Oc2cncc(Cl)c2)CC1,-0.03621217265444471
E-0012840,COc1ccc2[nH]c3c(=O)n(CC[C@H](C)N4CCCCC4)cnc3c2c1,-0.2006594505464183
E-0013702,c1cc(Nc2ccc(CN3CCOCC3)cc2)nc(-c2cncnc2)c1,-0.05551732784983137
E-0014829,COc1cncc(OC2CCN(C(=O)c3cc(-c4cc5ncoc5cc4OC)n[nH]3)CC2)c1,0.3222192947339193
E-0012165,Cc1ccc(CNc2nc(-c3ccccc3)cc(=O)[nH]2)cc1,-0.1549019599857432
E-0014592,NC(=O)Cc1cccc(Nc2nccc(-c3cccc(F)c3)n2)c1,-0.37675070960209955
E-0014861,COC1(C)CN(CCOc2ccc(-c3ccc4ccncc4c3)cc2)C1,0.029383777685209667
E-0014351,O=C(c1n[nH]cc1-c1ccc2ocnc2c1)N1CCC(Oc2cncc(Cl)c2)CC1,0.8122446968003693
E-0012168,Cc1ccccc1CNc1nc(-c2ccccc2)cc(=O)[nH]1,0.08635983067474821
E-0014756,O=C(c1n[nH]cc1C#Cc1cncs1)N1CCN(Cc2ccc(Cl)c(F)c2)CC1,0.18184358794477254
E-0015102,Cc1c(-c2ccc(OCCN3CCCCC3)cc2)ccc2ccncc12,0.03342375548694973
E-0014431,O=C(Cc1cccc(Nc2cccc(-c3cccnc3)n2)n1)NC1CCOCC1,0.290034611362518
E-0012886,Fc1cccc(-c2cccc(Nc3ccc(N4CCNCC4)cc3)n2)c1,0.271841606536499
E-0014595,NC(=O)Cc1cccc(Nc2ccn(-c3ccccn3)n2)n1,-0.06550154875643228
E-0012836,COc1ccc2[nH]c3c(=O)n(CCCN4CCCCC4)cc(Cl)c3c2c1,-0.24412514432750865
E-0013591,O=C(c1n[nH]cc1C1=CCOCC1)N1CCC(Oc2ccc(Cl)cc2)CC1,-0.026872146400301365
E-0014723,CC(=O)N[C@H](C)COc1ccc([N+](=O)[O-])c(-c2cc(-c3ccncc3)ccn2)c1,0.2600713879850748
E-0013945,CNCCOc1ccc(-c2ccc3ccncc3c2)cc1,0.24551266781414982
E-0014955,CNC(=O)Cc1cccc(Nc2nccc(-c3cnccn3)n2)n1,0.2671717284030138
E-0015137,Clc1cncc(O[C@@H]2[C@@H]3CC[C@H]2CN(Cc2n[nH]c4ccc(-c5ccccn5)nc24)C3)c1,0.3242824552976926
E-0014484,C[C@@H](c1ccc(Nc2cccc(-c3cccnc3)n2)cc1)C1CCN(C)CC1,0.15836249209524964
E-0011888,Nc1cc(-c2ccccc2)nc2nc(-c3ccccc3)cn12,-0.040958607678906384
E-0014947,O=C(c1cc(-c2ccccc2O)n[nH]1)N1CCC(Oc2ccc(Cl)cc2)CC1,0.3283796034387377
E-0012908,O=C(c1n[nH]c2ccccc12)N1C2CC1CN(Cc1ccc(Cl)cc1)C2,0.05690485133647255
E-0014945,O=C(c1cccc2[nH]c(C3CC3)nc12)N1CCC(Oc2cncc(C(F)(F)F)c2)CC1,0.2764618041732441
E-0011988,COc1ccc2[nH]c3c(=O)n(C[C@@H]4CCCN(C)C4)cnc3c2c1,-0.01322826573375516
E-0013845,CNc1cc2ccncc2cc1-c1ccc(OCCN2CCCCC2)cn1,-0.10237290870955855
E-0012202,O=c1cc(-c2ccccc2)nc(NCc2ccccn2)[nH]1,0.012837224705172217
E-0014277,CN(c1cccc(CC(N)=O)n1)c1cccc(-c2cccnc2)n1,0.03742649794062367
E-0012776,O=C(c1n[nH]c2cc(F)ccc12)N1CCN(Cc2ccc(C(F)(F)F)cc2)CC1,0.1205739312058499
E-0013690,COC1(C)CN(Cc2ccc(N3CCN(C(=O)c4cn(C)c5ncccc45)CC3)cc2C(F)(F)F)C1,-0.06550154875643228
E-0012784,COc1ccc2c(c1)[nH]c1c(=O)n(CCCN3CCCCC3)ccc12,-0.0506099933550872
E-0012037,COc1cc2[nH]c3c(=O)n(CCCN4CCCCC4)cnc3c2cc1OC,0.292256071356476
E-0014197,CC1(O)CN(CCCn2ccc3c([nH]c4cc(F)ccc43)c2=O)C1,-0.11918640771920865
E-0015144,C[C@@H](CN(C)C)NC(=O)c1nccc2ccc(-c3cccc(OCCCN4CCN(C)CC4)c3)cc12,0.8426092396105621
E-0012153,COCC1CN(Cc2ccc(N3CCN(C(=O)c4cn(C)c5ncccc45)CC3)cc2)C1,0.23299611039215382
E-0013778,COCC1CN(Cc2cccc(N3CCN(C(=O)c4cn(C)c5ncccc45)CC3)c2)C1,0.31806333496276157
E-0012208,CN(C)CCOc1cccc(Nc2nc(-c3ccccc3)cs2)c1,-0.22914798835785583
E-0014511,Cc1[nH]nc(C(=O)N2CCC(Oc3cncc(Cl)c3)CC2)c1Cl,-0.09151498112135022
E-0012914,COCC1CN(Cc2ccc(N3C4CC3CN(C(=O)c3cn(C)c5ncccc35)C4)cc2)C1,0.8904210188009143
E-0014227,O=c1c2[nH]c3cc(F)ccc3c2ccn1CCCC1CNC1,0.3979400086720376
E-0014660,COc1ccc2c([nH]c3c(=O)n(CCCN4CCCCC4)ccc32)c1C(F)(F)F,-0.11918640771920865
E-0014812,O=C(Cn1cccc(Nc2cccc(-c3cccnc3)n2)c1=O)N1CCOCC1,0.1931245983544616
E-0014400,N#Cc1ccc(OC2CCN(C(=O)c3n[nH]cc3-c3ccc4scnc4c3)CC2)cc1,1.4234097277330935
E-0014461,Cn1c2cc(F)ccc2c2ccn(CCNC[C@@H]3CCC(=O)N3)c(=O)c21,0.2787536009528289
E-0012213,Cn1cc(C(=O)N2CCN(c3ccc(CN4CCC4)cc3)CC2)c2ccccc21,-0.09691001300805639
E-0014572,O=C(c1n[nH]c2cc(-c3ncccn3)ccc12)N1CCC(Oc2ccc(Cl)cc2)CC1,0.18184358794477254
E-0014538,CN(c1cccc(-c2cccc(S(C)(=O)=O)c2)n1)c1ccn(CC(N)=O)n1,0.13353890837021754
E-0014760,CN1CCC(N2CCN(C(=O)c3n[nH]cc3-c3ccc4ncsc4c3)CC2)CC1,0.22010808804005508
E-0012902,Fc1cncc(-c2cccc(Nc3ccc(CN4CCOCC4)cc3)n2)c1,-0.11350927482751812
E-0013512,NC(=O)Cc1cc(Nc2cccc(-c3cccnc3)n2)ccn1,1.395326393069351
E-0014600,CNC(=O)Cc1cccc(N(C)c2nccc(-c3cccnc3)n2)c1,0.07554696139253074
E-0014570,O=C(c1n[nH]c2ccc(-c3ncccn3)cc12)N1CCC(Oc2cncc(Cl)c2)CC1,0.39619934709573634
E-0015031,Clc1cncc(O[C@@H]2[C@@H]3CC[C@H]2CN(Cc2n[nH]c4ccc(-c5ccccn5)cc24)C3)c1,0.24054924828259971
E-0014743,COc1ccc(Nc2ccnc(N(CCc3ccncc3)C3CC3)n2)cc1,0.03742649794062367
E-0012766,N#Cc1cccc(-c2ccnc(Nc3cccc(CC(N)=O)c3)n2)c1,0.10380372095595687
E-0012883,Fc1cc(-c2cccc(Nc3cccc(C4CCNCC4)c3)n2)cc(N2CCOCC2)c1,0.8286598965353198
E-0015013,CO[C@@H]1CCN(CCOc2ccc(-c3ccc4ccncc4c3)cc2)C1,-0.22914798835785583
E-0013735,Nc1cc(OCCN2CCCCC2)ccc1-c1ccc2ccncc2c1,-0.07572071393811836
E-0012833,O=C(c1n[nH]c2ccccc12)N1CC2CCC(C1)N2Cc1ccc(Cl)cc1,0.03342375548694973
E-0013807,O=c1c2[nH]c3c(F)cccc3c2ncn1CCCN1CCCCC1,0.004321373782642578
E-0012781,O=C(c1n[nH]c2cc(F)ccc12)N1CCC(Oc2ccc(Cl)nc2)CC1,0.01703333929878037
E-0014540,O=C1NCCSc2c1sc1ccc(OC3CNC3)cc21,0.7275412570285564
E-0012207,COc1cccc(-c2ccnc(Nc3ccc(CN4CCOCC4)cc3)n2)c1,-0.13076828026902382
E-0011889,COC(=O)c1nn(-c2ccccc2)cc1N,-0.0809219076239261
E-0011937,CN(C)CCOc1ccc(-c2cc3nc(-c4ccccc4)cc(N)n3n2)cc1,-0.27572413039921095
E-0015050,Nc1ccc(OCCN2CCCCC2)cc1-c1nccc(-c2ccncc2)n1,-0.10237290870955855
E-0015055,CN1CCC(Cn2ccc(Nc3cccc(-c4cccnc4)n3)cc2=O)CC1,0.7817553746524689
E-0015155,Clc1cc2ccc(-c3ccc(OCCN4CCCCC4)cc3)cc2cn1,0.11394335230683678
E-0012786,O=c1c2[nH]c3cc(C(F)(F)F)ccc3c2ccn1CCCN1CCCCC1,-0.060480747381381476
E-0014604,COc1ccccc1-c1cc(C(=O)N2CCC(n3cnc4cc(Cl)ccc43)CC2)n[nH]1,0.08635983067474821
E-0013783,CN1CCC[C@@H](Cn2ccc3c([nH]c4ccc(OCC(F)F)cc43)c2=O)C1,0.15836249209524964
E-0014373,CN(c1nccc(-c2cccc(F)c2)n1)c1ccnn1CC1CCNCC1,1.2350231594952235
E-0014655,CCc1cncc(OC2CCN(C(=O)c3n[nH]c4cccnc34)CC2)c1,1.1972805581256194
E-0014404,O=C(c1n[nH]cc1-c1ccc2nccn2n1)N1CCC(OC2CCN(C3CC3)CC2)CC1,1.2704459080179626
E-0015096,O=C1OCCN1CCOc1ccc(-c2ccc3ccncc3c2)cc1,-0.11350927482751812
E-0014396,O=C(c1n[nH]cc1-c1ccc2ncsc2c1)N1CCC(OC2CCN(C3COC3)CC2)CC1,0.8959747323590646
E-0012895,COCC1CN(Cc2ccc(N3C4CC3CN(C(=O)c3cn(C)c5ccccc35)C4)cc2)C1,0.7387805584843692
E-0014726,CC(=O)N[C@@H](C)COc1ccc2sc3c(c2c1)SCCNC3=O,0.7371926427047373
E-0014758,O=C(c1n[nH]cc1C#Cc1cncs1)N1CCN(c2ccc(Cl)cn2)CC1,0.17609125905568124
E-0015026,Clc1cncc(O[C@@H]2[C@@H]3CC[C@H]2CN(Cc2n[nH]c4nccnc24)C3)c1,-0.09691001300805639
E-0013841,COc1cncc(-c2cn(C)c3ccc(OC4CCN(C)C4)cc23)c1,-0.23657200643706278
E-0014423,Cn1cc(-c2cncnc2)c2cc(OC3CNC3)ccc21,0.5118833609788744
E-0014817,c1ncc2cc(-c3ccc(OCCN4CCNCC4)cc3)ccc2n1,0.22788670461367355
E-0014372,COc1cncc(-c2cn(C)c3cnc(OCCCN4CCCC4)cc23)c1,0.7664128471123994
E-0014597,c1cc2ccc(-c3ccc(CCN4CCC4)cc3)cc2cn1,-0.1804560644581313
E-0014498,CC(=O)Nc1cccc(Nc2cc(-c3cccc(F)c3)ccn2)n1,0.11394335230683678
E-0012844,Nc1cc2ccncc2cc1-n1cc(OCCN2CCCCC2)cn1,0.05690485133647255
E-0014393,O=C(c1n[nH]cc1C#Cc1cncs1)N1CCC(OC2CCN(C3CC3)CC2)CC1,0.651278013998144
E-0013606,CN1CCC(Cc2ccc(Nc3cccc(-c4cccnc4)n3)cc2)CC1,-0.07572071393811836
E-0014702,CC[C@H](C(N)=O)c1cccc(Nc2cccc(-c3cccnc3)n2)n1,0.06069784035361165
E-0014151,COc1ccc(-c2ncc(C(=O)N3CCC(Oc4cncc(Cl)c4)CC3)[nH]2)c(OC)c1,0.13987908640123647
E-0014815,Fc1cccc(-c2ccnc(Nc3ccc(CCN4CC(F)(F)C4)cn3)n2)c1,-0.05551732784983137
E-0014589,NC(=O)COc1cccc(Nc2cccc(-c3cccnc3)n2)n1,0.008600171761917567
E-0015049,Nc1ccc(OCCN2CCCCC2)cc1-c1cc(-c2ccnnc2)ccn1,0.6424645202421213
E-0011881,c1cc2ccc(-n3cc(OCCN4CCCCC4)cn3)cc2cn1,-0.07572071393811836
E-0014455,N#Cc1ccc(OC2CCN(C(=O)c3n[nH]c4cccnc34)CC2)cc1,1.4910814134231871
E-0011941,Cc1c(N)c(-n2cc(OCCN3CCCCC3)cn2)cc2cnccc12,-0.14266750356873156
E-0014108,CCOc1cc2[nH]c3c(=O)n(CCCN4CCCCC4)ccc3c2cn1,-0.00877392430750515
E-0014613,COc1cncc(OC2CCN(C(=O)c3n[nH]c(C)c3C(F)(F)F)CC2)c1,0.5010592622177514
E-0015063,Cc1c(OCCN2CCCCC2)ccc(-c2ccc3ccncc3c2)c1N,0.3074960379132129
E-0014054,Cn1c2ccc(OCc3cn[nH]c3)cc2c2ccn(CCCN3CCCCC3)c(=O)c21,0.35410843914740087
E-0015098,Cc1ccc2cnccc2c1-c1ccc(OCCN2CCCCC2)cc1,-0.022276394711152253
E-0013501,O=C(c1n[nH]c2ccccc12)N1CCc2c(ncn2-c2ccc(Cl)cc2)C1,0.004321373782642578
E-0012938,COCC1CN(Cc2ccc(-c3c(C(=O)N4C[C@@H](C)N[C@@H](C)C4)c4cccnc4n3C)cc2)C1,1.1439511164239635
E-0012930,Cc1ccc2[nH]nc(C(=O)N3CCN(Cc4ccc(Cl)cc4)C(=O)C3)c2c1,0.5611013836490559
E-0014584,O=C1NCCSc2c1sc1ccc(OCC3CNC3)cc21,1.319314304090512
E-0012085,COc1cc(N)ncc1CCCN(C)CCCn1cnc2c([nH]c3ccccc32)c1=O,1.2789821168654432
E-0014606,Cc1[nH]nc(C(=O)N2CCC(Oc3ccc4ncn(C)c4c3)CC2)c1C(F)(F)F,1.255995726722402
E-0014972,Fc1cc(Nc2nccc(-c3ccnnc3)n2)ccc1CN1CCOCC1,0.06818586174616162
E-0012866,COc1ccc2[nH]c3c(=O)n(C[C@@H](C)CN4CCCCC4)cnc3c2c1,-0.0506099933550872
E-0012771,CC(C)c1c[nH]nc1C(=O)N1CCC(Oc2ccc(Cl)cc2)CC1,0.06818586174616162
E-0014090,COc1ccccc1-c1cc(C(=O)N2CCC(Oc3cncc(Cl)c3)CC2)[nH]n1,-0.14874165128092473
E-0014988,Clc1cncc(O[C@H]2C[C@@]3(CCN(Cc4n[nH]c5cccnc45)C3)C2)c1,0.3364597338485295
E-0011026,COc1ccc(Nc2nccc(NCCc3ccncc3)n2)cc1,-0.10790539730951959
E-0014519,O=C(c1cccc2cn[nH]c12)N1CCC(Oc2ccc(Cl)cc2)CC1,0.05690485133647255
E-0014150,O=C(c1n[nH]cc1C#Cc1cncs1)N1CCN(Cc2cncc(Cl)c2)CC1,0.6730209071288962
E-0012189,O=c1nc(NC2(c3ccccc3)CC2)cc(-c2ccccc2)[nH]1,0.31175386105575426
E-0012931,Cc1ccc2[nH]nc(C(=O)N3CCCN(C(=O)c4ccc(Cl)cc4)CC3)c2c1,0.4099331233312945
E-0014451,Cn1cnc2ccc(-c3c[nH]nc3C(=O)N3CCC(Oc4ccc(C#N)cc4)CC3)cc21,1.9292145037373938
E-0013538,CO[C@H]1CCN(Cc2ccc(N3CCN(C(=O)c4cn(C)c5ncccc45)CC3)cc2)C1,0.11058971029924897
E-0012797,Fc1cccc(-c2ccnc(Nc3ccc(CN4CCOCC4)cc3)c2)c1,-0.25181197299379954
E-0011948,CC(C)N1CCN(c2ncn(-c3ccc(Nc4ncc(-c5cccc(F)c5)cn4)cc3)n2)CC1,-0.24412514432750865
E-0011956,O=C(c1nsc2ccccc12)N1CCN(Cc2ccc(Cl)cc2)CC1,-0.1938200260161128
E-0014640,c1cc2ccc(-c3cnn(CCC4CNC4)c3)cc2cn1,1.0338256939533104
E-0014413,Cn1c2ccc(OCCOc3ccncn3)cc2c2ccn(CCCN3CCCCC3)c(=O)c21,0.004321373782642578
E-0012262,COC1CN(Cc2ccc(N3C[C@H]4C[C@@H](C3)N4C(=O)c3cn(C)c4ccccc34)cc2)C1,0.08278537031645007
E-0015023,Clc1cncc(O[C@@H]2[C@@H]3CC[C@H]2CN(Cc2n[nH]c4c(Cl)ccnc24)C3)c1,-0.23657200643706278
E-0014866,Clc1cc(CN2CCOCC2)ccc1Nc1nccc(-c2ccnnc2)n1,-0.07572071393811836
E-0015000,O=C(c1n[nH]c2cccnc12)N1C[C@H]2CC[C@@H](C1)[C@@H]2Oc1cncc(Cl)c1,0.4517864355242902
E-0014518,O=C(c1n[nH]c2cc(-c3ccccn3)ccc12)N1CCC(OC2CCN(C3CC3)CC2)CC1,0.2787536009528289
E-0012244,N#Cc1ccc(OC2CCN(C(=O)c3n[nH]c4ccccc34)CC2)cc1,-0.09691001300805639
E-0014439,O=C(c1c(C2CC2)[nH]c2cccnc12)N1CCC(Oc2cncc(Cl)c2)CC1,0.9132839017604184
E-0013657,COCC1CN(Cc2ccc(N3CCN(C(=O)c4cn(C)c5ncccc45)CC3)cc2C(F)(F)F)C1,-0.040958607678906384
E-0014832,O=C(c1n[nH]cc1C#Cc1cncs1)N1CCN(CC2CCOCC2)CC1,0.38381536598043126
E-0014097,C[C@@H](NCCn1ccc2c3ccc(F)cc3n(C)c2c1=O)[C@@H]1CCC(=O)N1,0.2855573090077737
E-0014060,Cn1c2cc(Cl)ccc2c2cc(=O)n(CCCN3CCCCC3)nc21,-0.17392519729917352
E-0013638,CN1CCC(c2ccc(Nc3cccc(-c4cc(F)cc(N5CCOCC5)c4)n3)cc2)CC1,-0.14874165128092473
E-0012220,Cn1cc(C(=O)N2CCN(c3ccc(CN4CC5(COC5)C4)cc3)CC2)c2ccccc21,0.11058971029924897
E-0014367,CN1CCC[C@@H](Cn2ccc3c([nH]c4cc(Cl)ncc43)c2=O)C1,0.17897694729316943
E-0014905,NC(=O)Cc1cccc(Nc2nccc(-c3ccnnc3)n2)n1,1.203304916138483
E-0014563,O=c1cc(-c2ccccc2)nc(NCc2cncc(Cl)c2)[nH]1,0.5171958979499743
E-0012846,Nc1cc2ccncc2cc1-n1ccc(OCCN2CCCCC2)n1,-0.14266750356873156
E-0014690,CN(c1cccc(CC(N)=O)n1)c1nccc(-c2cccc(F)c2)n1,-0.2676062401770315
E-0014808,C[C@@H](CN(C)C)NC(=O)c1nccc2ccc(-c3ccc(OCCN4CCCCC4)cc3)cc12,0.20951501454263097
E-0015046,CC1(C)C(=O)Nc2c(Nc3cccc(-c4cccnc4)n3)cccc21,-0.06550154875643228
E-0012777,O=C(c1n[nH]c2cc(F)ccc12)N1CCN(Cc2ccc(Cl)cc2)CC1,0.05690485133647255
E-0014962,c1cc2ccc(-c3ccc(OCCN4C5CCC4COC5)cc3)cc2cn1,0.4099331233312945
E-0014515,O=C(c1n[nH]c2cc(-c3ncccn3)ccc12)N1CCC(OC2CCN(C3CC3)CC2)CC1,0.21218760440395779
E-0012904,Fc1cccc(-c2cccc(Nc3ccc(CN4CCOCC4)cn3)n2)c1,0.012837224705172217
E-0015071,CCOc1ccc2[nH]nc(CN3C[C@H]4CC[C@@H](C3)[C@@H]4Oc3cncc(Cl)c3)c2n1,-0.06550154875643228
E-0012160,Fc1cccc(-c2ccnc(Nc3ccc(CN4CCCCC4)cc3)n2)c1,-0.14266750356873156
E-0014674,O=C(c1n[nH]c2cccnc12)N1CCC(Oc2cncc(C3CC3)c2)CC1,1.209515014542631
E-0014149,O=C(c1n[nH]cc1-c1ccc2ncsc2c1)N1CCC(OC2CCN(C3CC3)CC2)CC1,1.028977705208778
E-0011890,COC(=O)c1nn(C(C)C)cc1N,-0.06550154875643228
E-0014501,O=C(O)Cc1cccc(Nc2cccc(-c3cccnc3)n2)n1,0.7067177823367587
E-0014886,COc1cncc(OC2CCN(C(=O)c3cc(-c4ccn5nccc5c4)n[nH]3)CC2)c1,0.367355921026019
E-0013745,COc1cccc2c1c1ccn(C[C@@H]3CCCN(C)C3)c(=O)c1n2C,-0.11350927482751812
E-0014813,CN1CCN(C(=O)Cn2cccc(Nc3cccc(-c4cccnc4)n3)c2=O)CC1,0.6304278750250238
E-0015076,Clc1cncc(O[C@@H]2[C@@H]3CC[C@H]2CN(Cc2n[nH]cc2C#Cc2cncs2)C3)c1,-0.17392519729917352
E-0014235,Cc1cnc2c(-c3cn[nH]c3C(=O)N3CCC(Oc4ccc(Cl)cc4)CC3)cnn2c1,0.33041377334919086
E-0014614,COc1cncc(OC2CCN(C(=O)c3n[nH]c(C)c3Cl)CC2)c1,0.414973347970818
E-0014995,O=C(c1cc(C#Cc2cncs2)n[nH]1)N1CCC(Oc2cncc(Cl)c2)CC1,0.17609125905568124
E-0014436,Cc1cn2nc(-c3c[nH]nc3C(=O)N3CCC(Oc4ccc(Cl)cc4)CC3)cc2c(C)n1,0.9385197251764918
E-0014170,c1ccc(-n2ccc(Nc3ccc(OCCCN4CCCC4)cc3)n2)nc1,0.24551266781414982
E-0013581,c1cc(Nc2cc(-c3cccc(N4CCOCC4)c3)ccn2)cc(C2CCNCC2)c1,0.6242820958356683
E-0014504,c1cncc(-c2ccnc(Nc3ccc(CN4CCCCC4)cc3)c2)c1,0.24551266781414982
E-0014460,CN1CCC[C@H](Cn2ccc3c([nH]c4cc(Cl)ccc43)c2=O)C1=O,-0.045757490560675115
E-0014885,COc1cncc(OC2CCN(C(=O)c3n[nH]c4cc(-c5ccccn5)cnc34)CC2)c1,1.5962671263955153
E-0012152,Cn1cc(C(=O)N2CCN(c3ccc(CN4CC(CO)C4)cc3)CC2)c2cccnc21,0.9680157139936417
E-0015146,CNCCOc1ccc(-c2cc(C)c3ccncc3c2)cc1,0.17318626841227402
E-0015104,CN1CCC(COc2ccc(-c3ccc4ccncc4c3)cc2)CC1,0.24303804868629442
E-0014669,COc1cc(OC2CCN(C3CC3)CC2)ccc1-c1n[nH]c2cccnc12,0.012837224705172217
E-0014983,O=C(c1n[nH]c2c(F)cccc12)N1CCC(Oc2cncc(C3CC3)c2)CC1,0.06818586174616162
E-0014409,COc1ccc2c3cc(OC[C@@H]4CCCN(C)C4)nnc3n(C)c2c1,-0.026872146400301365
E-0014525,O=C(c1ccc2[nH]ncc2c1)N1CCC(Oc2cncc(Cl)c2)CC1,0.3096301674258988
E-0014687,c1ncc2cc(-c3cnn(CCN4CCC4)c3)ccc2n1,-0.16749108729376366
E-0011953,CCCn1nc(C(=O)N2CCN(Cc3ccc(Cl)cc3)CC2)c2ccccc21,-0.21467016498923297
E-0014582,CCOc1cc2[nH]c3c(=O)n(C[C@@H]4CCCN(C)C4)ccc3c2cn1,-0.00877392430750515
E-0014337,NC(=O)Cc1cccc(Nc2cccc(-c3cccnc3Cl)n2)n1,0.23299611039215382
E-0014402,COc1cc(F)ccc1-c1cc(C(=O)N2CCC(Oc3ccc(C#N)cc3)CC2)[nH]n1,-0.031517051446064856
E-0011931,CC(C)N1CCN(c2ncn(-c3ccc(Nc4ncccn4)cc3)n2)CC1,-0.004364805402450088
E-0011928,c1cncc(-c2ccnc(Nc3ccc(CN4CCOCC4)cc3)n2)c1,-0.13076828026902382
E-0014775,CCn1ncc(C#Cc2cncs2)c1C(=O)N1CCC(Oc2cncc(Cl)c2)CC1,-0.09691001300805639
E-0013955,Nc1ccc(OCCN2CCCCC2)cc1-c1cc(-c2ccncc2)ccn1,0.1903316981702915
E-0014878,CCn1cc(-c2ccc3ncsc3c2)c(C(=O)N2CCC(OC3CCN(C4CC4)CC3)CC2)n1,0.22010808804005508
E-0014795,Cc1cc(-c2ccc(OCCN3CCCCC3)cc2)c2ccncc2c1,0.06069784035361165
E-0014879,CCn1ncc(-c2ccc3ncsc3c2)c1C(=O)N1CCC(OC2CCN(C3CC3)CC2)CC1,0.02530586526477026
E-0014964,C[C@@H]1CN(CCOc2ccc(-c3ccc4ccncc4c3)cc2)CCO1,0.17318626841227402
E-0014080,O=C(c1n[nH]c2cccnc12)N1CCC(Oc2ccc(Br)cc2)CC1,0.22788670461367355
E-0012919,CN1CCN(CCCOc2cnn(-c3ccc4ccncc4c3)c2)CC1,0.06445798922691845
E-0014673,C=Cc1cncc(OC2CCN(C(=O)c3n[nH]c4cccnc34)CC2)c1,1.0017337128090005
E-0012924,O=C(c1n[nH]c2ccccc12)N1CCC(N[C@@H](C2CC2)C(F)(F)F)CC1,0.16731733474817606
E-0013608,O=C1CCc2ccc(-c3cccc(OCCN4CCCCC4)n3)cc2N1,-0.11918640771920865
E-0013637,Fc1cc(-c2cccc(Nc3ccc(C4CCNCC4)cc3)n2)cc(N2CCOCC2)c1,0.35602585719312274
E-0012812,Fc1ccc(-c2ccnc(Nc3ccc(CN4CCOCC4)cc3)n2)cc1,-0.09691001300805639
E-0014385,O=C(Nc1cccc(Nc2cccc(-c3cccnc3)n2)n1)N1CCOCC1,0.07554696139253074
E-0014546,CN1CCC(Cn2nccc2Nc2cccc(-c3cccnc3)n2)CC1,1.1169396465507557
E-0014981,COc1ccc(-c2cc(C(=O)N3CCC(Oc4cncc(Cl)n4)CC3)[nH]n2)c(OC)c1,0.08278537031645007
E-0014416,Cn1cc(-c2cncc(OCC(F)F)c2)c2cc(OCCCN3CCCC3)ccc21,0.43136376415898736
E-0014387,O=C(c1n[nH]cc1-c1ccccc1)N1CCN(C(c2cncc(Cl)c2)C(F)(F)F)CC1,0.1205739312058499
E-0013513,NC(=O)Cc1cncc(Nc2cccc(-c3cccnc3)n2)c1,1.6398847419163043
E-0013602,COCC1CN(Cc2ccc(N3CCN(C(=O)c4cn(C)c5ncccc45)CC3)c(F)c2)C1,0.10380372095595687
E-0012140,COC1CN(Cc2ccc(N3CCN(C(=O)c4c5ccccc5n5ccccc45)CC3)cc2)C1,0.008600171761917567
E-0014887,COc1cncc(OC2CCN(C(=O)c3cccc4[nH]cnc34)CC2)c1,0.6020599913279624
E-0013535,COCC1CN(Cc2ccc(N3CCN(C(=O)c4cn(C)c5ncncc45)CC3)cc2)C1,0.7626785637274363
E-0014601,CNC(=O)Cc1cccc(Nc2nccc(-c3cccnc3)n2)c1,0.3384564936046049
E-0014379,CC(C)NCCOc1ccc(-c2ccc3ccncc3c2)cc1,0.06445798922691845
E-0014438,O=C(c1n[nH]c2cccnc12)N1CCN(C(c2cncc(Cl)c2)C(F)(F)F)CC1,0.9041743682841635
E-0014724,Nc1ccc(OC2CNC2)cc1-c1cc(-c2ccncc2)ccn1,0.761927838420529
E-0014598,c1ncc2cc(-c3ccc(CCN4CCC4)cc3)ccc2n1,-0.10237290870955855
E-0014722,C[C@@H](N)COc1ccc([N+](=O)[O-])c(-c2cc(-c3ccncc3)ccn2)c1,0.2966651902615311
E-0011872,O=C(c1n[nH]c2ccccc12)N1CCC(Nc2ccc(Cl)cc2)CC1,-0.045757490560675115
E-0014491,Cc1cc(-c2cccc(Nc3cccc(-c4cccnc4)n3)n2)[nH]n1,0.20951501454263097
E-0015095,O=C1COCCN1CCOc1ccc(-c2ccc3ccncc3c2)cc1,-0.2006594505464183
E-0012161,CN1CCC(Oc2ccc(Nc3nccc(-c4cccc(F)c4)n3)cc2)CC1,-0.0506099933550872
E-0013725,O=c1c2[nH]c3cc(F)ccc3c2ccn1CCCN1CCCCC1,-0.09151498112135022
E-0013734,O=c1ccc(-c2cccc(Nc3ccc(CN4CCOCC4)cc3)n2)c[nH]1,0.36921585741014284
E-0014941,COc1cc2c(cc1-c1cc(C(=O)N3CCC(Oc4cncc(Cl)c4)CC3)[nH]n1)ncn2C,1.2833012287035497
E-0014747,Clc1ccc(N2CCN(Cc3n[nH]cc3-c3ccc4ncsc4c3)CC2)nc1,-0.2676062401770315
E-0014505,c1cncc(-c2cccc(Nc3ccc(CN4CCCCC4)cc3)n2)c1,0.16731733474817606
E-0014942,COc1cncc(OC2CCN(C(=O)c3cc(-c4ccn5cncc5c4)n[nH]3)CC2)c1,1.3636119798921444
E-0014532,Cc1[nH]nc(C(=O)N2CCC(OC3CCN(C4CC4)CC3)CC2)c1Cl,0.04921802267018165
E-0011991,COc1ccc2[nH]c3c(=O)n(CCCN4CCCC4)cnc3c2c1,-0.022276394711152253
E-0014077,CN(c1cccc(-c2cccc(F)c2)n1)c1ccnn1CC1CCNCC1,0.6344772701607315
E-0014509,O=C(c1n[nH]c2cccnc12)N1CCC(Oc2ccc(C3CC3)nc2)CC1,0.3159703454569177
E-0014874,O=C(c1n[nH]cc1C#Cc1ncccn1)N1CCC(OC2CCN(C3CC3)CC2)CC1,1.2893659515200318
E-0013628,CCOc1ccc2c3ccn(CCCN4CCCCC4)c(=O)c3n(C)c2c1,-0.1549019599857432
E-0014974,Clc1cc(-c2ccc3ccncc3c2)ccc1OCCN1CCOCC1,-0.01322826573375516
E-0012155,CN(C)C(=O)Cc1ccc(Nc2nccc(-c3cccc(NS(C)(=O)=O)c3)n2)cc1,0.6646419755561255
E-0014441,O=C(c1n[nH]cc1-c1ccc2ocnc2c1)N1CCC2(CC1)CCN2c1ccc(Cl)cc1,0.38021124171160603
E-0015111,Cn1ncc2cc(-c3ccc(OCCN4CCCCC4)cc3)ccc21,0.13987908640123647
E-0015132,COc1cccnc1-c1cc(CN2C[C@H]3CC[C@@H](C2)[C@@H]3Oc2cncc(Cl)c2)[nH]n1,-0.03621217265444471
E-0012789,COc1ccc2[nH]c3c(=O)n(CCCN4CCCCC4)cc(F)c3c2c1,-0.14874165128092473
E-0012859,CN1CCN(c2cccc(Nc3nccc(-c4cc(F)cc(N5CCOCC5)c4)n3)c2)CC1,-0.1366771398795441
E-0012243,CN1CCN(c2ccc(Nc3cc(N)n4nccc4n3)cc2)CC1,0.0
E-0012197,Cn1cc(C(=O)N2CCN(c3ccc(CN4CC5(COC5)C4)cc3)CC2)c2cccnc21,0.35410843914740087
E-0012156,CC(C)N1CCN(c2ncn(-c3ccc(Nc4ncc(-c5cccnc5)cn4)cc3)n2)CC1,-0.22184874961635637
E-0014876,O=C(c1n[nH]cc1C#Cc1ncccn1)N1CCC(Oc2ccc(Cl)cc2)CC1,0.4065401804339551
E-0012150,Cn1cc(C(=O)N2CCN(c3ccc(CN4CC(C)(O)C4)cc3)CC2)c2cccnc21,0.5490032620257879
E-0014645,Cc1ccc(COc2cc(-c3ccccc3)[nH]c(=O)c2)cc1,-0.0809219076239261
E-0012861,Fc1cccc(-c2cccc(Nc3ccc(C4CCNCC4)cc3)n2)c1,0.1846914308175988
E-0012810,COCC1CN(Cc2ccc(Nc3nccc(-c4cccc(F)c4)n3)cc2)C1,-0.3372421683184259
E-0014513,O=C(c1n[nH]c2ccccc12)N1CCC(Oc2cncc(C(F)(F)F)c2)CC1,-0.2006594505464183
E-0014863,C[C@@H]1CN(CCOc2ccc(-c3ccc4ccncc4c3)cc2)C[C@H](C)O1,0.0
E-0015006,Nc1c(-c2ccc(OCCN3CCCCC3)cc2)ccc2ccncc12,-0.10237290870955855
E-0014544,NC(=O)Cc1cccc(Nc2cccc(-c3ccnnc3)n2)n1,1.3898745583909855
E-0013793,c1cc2ccc(-c3ccc(OCCCN4CCCC4)cc3)cc2cn1,-0.2076083105017461
E-0014872,CN1[C@@H]2CC[C@H]1C[C@H](OC1CCN(C(=O)c3n[nH]cc3-c3ccc4ncsc4c3)CC1)C2,0.534026106056135
E-0012825,O=c1c2[nH]c3ccc(C(F)(F)F)cc3c2ccn1CCCN1CCCCC1,-0.3372421683184259
E-0012219,COCC1(C)CN(Cc2ccc(N3CCN(C(=O)c4cn(C)c5ccccc45)CC3)cc2)C1,-0.045757490560675115
E-0015156,Cc1c(N)c(-c2ccc(O[C@@H](C)CN3CCCCC3)cc2)cc2cnccc12,-0.09691001300805639
E-0014816,CC(C)NCCOc1ccc(-c2cc3cnccc3cn2)cc1,0.03342375548694973
E-0012334,O=C(c1cccc2[nH]cnc12)N1CCC(Oc2ccc(Cl)cc2)CC1,-0.25181197299379954
E-0014658,O=C(c1n[nH]cc1-c1ccc2ncsc2c1)N1CCC(N2CCOCC2)CC1,1.0362295440862945
E-0014585,NC(=O)Cn1cnc(Nc2cccc(-c3cccnc3)n2)c1,1.3911116137028026
E-0014765,Fc1cccc(-c2cccc(Nc3ccc(CCN4CCC4)cn3)n2)c1,0.012837224705172217
E-0013660,COc1cccc2c1c1ccn(CCCN3CCCCC3)c(=O)c1n2C,-0.2006594505464183
E-0012815,CNC(=O)c1ccc2nc(C)cc(Nc3cccc(OC)c3)c2c1,0.021189299069938092
E-0014497,CC(=O)Nc1cccc(Nc2cccc(-c3cccc(F)c3)n2)n1,0.008600171761917567
E-0012860,Fc1cccc(-c2ccnc(Nc3ccc(CN4CCOCC4)nc3)n2)c1,-0.03621217265444471
E-0012863,O=C(c1n[nH]c2ccccc12)N1CCN(c2ccc(CN3CCC3)cc2)CC1,0.08635983067474821
E-0013676,CCc1ncccc1OC1CCN(C(=O)c2[nH]nc3ccccc23)CC1,-0.09151498112135022
E-0011932,CC(=O)Nc1cccc(-c2ccnc(Nc3ccc(CC(N)=O)cc3)n2)c1,1.513350798805957
E-0014727,C[C@H](N)COc1ccc2sc3c(c2c1)SCCNC3=O,0.46834733041215726
E-0015053,O=C(Cn1cc(Nc2cccc(-c3cccnc3)n2)ccc1=O)N1CCC1,1.161966616364075
E-0012253,NC(=O)Cc1ccc(Nc2nccc(-c3cccc(F)c3)n2)cc1,0.0
E-0014680,COc1cc2ocnc2cc1-c1cc(C(=O)N2CCN(Cc3ccc(Cl)c(F)c3)CC2)[nH]n1,0.04139268515822507
E-0013603,COC[C@@H]1COCCN1Cc1ccc(N2CCN(C(=O)c3cn(C)c4ncccc34)CC2)cc1,-0.040958607678906384
E-0013788,c1cc2ccc(-c3ccc(OCCCN4CCCCC4)cc3)cc2cn1,-0.22184874961635637
E-0012172,C[C@H](Nc1nc(-c2ccccc2)cc(=O)[nH]1)c1ccccc1,-0.06550154875643228
E-0015157,Cc1c(N)c(-c2ccc(O[C@H](C)CN3CCCCC3)cc2)cc2cnccc12,0.2966651902615311
E-0012758,COc1ccc2[nH]c3c(=O)n([C@@H](C)CCN4CCCCC4)cnc3c2c1,-0.03621217265444471
E-0014369,CN1CCC(C(F)(F)c2ccc(Nc3cccc(-c4cccnc4)n3)cc2)CC1,0.18184358794477254
E-0012755,COc1ccc2[nH]c3c(=O)n(C[C@H](C)CN4CCCCC4)ccc3c2c1,-0.09151498112135022
E-0013502,Cc1ccc2[nH]nc(C(=O)N3CCCN(Cc4ccc(Cl)cc4)C(=O)C3)c2c1,0.06069784035361165
E-0014529,O=C(c1cccc2nc[nH]c12)N1CCC(OC2CCN(C3CC3)CC2)CC1,0.4132997640812518
E-0012228,COc1ccc2[nH]c3c(=O)n(CC[C@H](C)N4CCCCC4)ccc3c2c1,-0.08618614761628333
E-0013813,COCC1CN(Cc2ccc(N3CCN(C(=O)c4cn(C)c5ncccc45)C[C@H]3C)cc2)C1,0.42813479402878885
E-0014799,C[C@@H](COc1ccc(-c2ccc3ccncc3c2)cc1)CC(N)=O,0.06069784035361165
E-0015048,NC(=O)Cc1cccc(Nc2nc(-c3cccnc3)ccc2F)n1,0.13987908640123647
E-0014449,COc1ccc(-c2cc(C(=O)N3CCC(OCC(C)(C)O)CC3)n[nH]2)c(OC)c1,0.3891660843645325
E-0012248,O=C1CCc2ccc(-n3cc(OCCN4CCCCC4)cn3)cc2N1,0.0
E-0012154,Cn1cc(C(=O)N2CCN(c3ccc(CN4CC5(CCCCO5)C4)cc3)CC2)c2cccnc21,-0.09691001300805639
E-0014992,O=C(c1cc(-c2ccn3nccc3c2)n[nH]1)N1CCC(Oc2cncc(Cl)c2)CC1,0.437750562820388
E-0013678,CCc1ncccc1OC1CCN(C(=O)c2[nH]ncc2-c2ccccc2)CC1,0.15836249209524964
E-0014896,COc1ccc(-c2cc(C(=O)N3CC[C@@H](OC)C3)[nH]n2)c(OC)c1,-0.060480747381381476
E-0014881,Clc1cncc(O[C@H]2C[C@H]3CC[C@@H](C2)N3Cc2n[nH]c3cccnc23)c1,0.2600713879850748
E-0012118,COC1CN(Cc2ccc(N3CCN(C(=O)c4cc5ccccc5n4C)CC3)cc2)C1,-0.1938200260161128
E-0014869,O=C(c1n[nH]c2cnc(-c3ccccc3)nc12)N1CCC(Oc2cncc(Cl)c2)CC1,0.5976951859255123
E-0012792,CN1CCC(c2ccc3[nH]nc(C(=O)N4CCC(Oc5ccc(Cl)cc5)CC4)c3c2)CC1,0.5078558716958309
E-0013917,CC(=O)N[C@@H](C)COc1cccc(-c2ccc3c(c2)NC(=O)CC3)c1,0.04139268515822507
E-0015060,COc1cc(-c2ccc(OCCN3CCCCC3)cc2)c2ccncc2c1,0.15836249209524964
E-0012928,O=C1CN(C(=O)c2n[nH]c3ccccc23)CCN1Cc1ccc(Cl)cc1,0.3463529744506387
E-0014612,O=C(c1[nH]ncc1-c1ccc2ncccc2c1)N1CCC(OC2CCN(C3CC3)CC2)CC1,1.1708482036433094
E-0014841,O=C(c1n[nH]c2cc(Cl)ccc12)N1CCC(Oc2cncc(Cl)c2)CC1,-0.0809219076239261
E-0014994,O=C(c1cc(-c2ccn3ccnc3c2)n[nH]1)N1CCC(Oc2cncc(Cl)c2)CC1,1.236033147117636
E-0014629,O=C1CCCCN1CCOc1ccc(-c2ccc3ccncc3c2)cc1,0.11058971029924897
E-0014397,O=C(c1n[nH]cc1C(F)(F)F)N1CCC(Oc2ccc(Cl)cc2)CC1,0.13033376849500614
E-0013866,COc1ccc2c(c1)[nH]c1c(=O)n(CCCN3CCCCC3)ncc12,-0.09151498112135022
E-0011938,Cn1cc(C(=O)N2CCN(c3ccc(CN4CCC4)cc3)CC2)c2cccnc21,0.3242824552976926
E-0014490,c1cncc(-c2cccc(Nc3cccc(-c4cn[nH]c4)n3)n2)c1,0.004321373782642578
E-0011925,Cc1cc(-c2ncccn2)cc2c3cc(OCCCN4CCCC4)ccc3n(C)c12,-0.17392519729917352
E-0012201,O=c1cc(-c2ccccc2)nc(NC2(c3ccccc3)CC2)[nH]1,-0.11350927482751812
E-0012817,O=C(c1n[nH]c2ccccc12)N1C2CCC1CC(Oc1ccc(Cl)cc1)C2,-0.03621217265444471
E-0014576,COc1cncc(OC2CCN(C(=O)c3cc(-c4ccc(F)cc4OC)[nH]n3)CC2)c1,0.1846914308175988
E-0014266,Nc1cc(OCCN2CCCCC2)ccc1-c1ccc2ncncc2c1,-0.09691001300805639
E-0014737,c1ncc2cc(-c3cnn(CCC4CNC4)c3)ccc2n1,0.3424226808222063
E-0011892,CN(C)CCn1nc(C(=O)N2CCC(Oc3ccc(Cl)cc3)CC2)c2ccccc21,-0.07058107428570727
E-0011949,Cn1nc(C(=O)N2CCN(Cc3ccc(Cl)cc3)CC2)c2ccccc21,-0.1804560644581313
E-0015101,Cc1nccc2ccc(-c3ccc(OCCN4CCCCC4)cc3)cc12,0.021189299069938092
E-0014821,O=C(c1n[nH]c2cnc(-c3ccccc3)nc12)N1CCC(Oc2ccc(Cl)cc2)CC1,0.37657695705651195
E-0014697,COCCC(=O)Nc1ccc(-c2ccc3ccncc3c2)cc1,-0.09691001300805639
E-0013524,O=C(c1n[nH]cc1-c1ccccc1)N1CCC(Oc2cccc(CO)c2)CC1,0.08990511143939793
E-0015015,Fc1cc(-c2ccnc(Nc3cccc(CN4CCCCC4)c3)n2)cc(N2CCOCC2)c1,0.1553360374650618
E-0014521,O=C(c1cccc2cn[nH]c12)N1CCC(OC2CCN(C3CC3)CC2)CC1,-0.14874165128092473
E-0014982,Cc1cccc2[nH]nc(C(=O)N3CCC(Oc4cncc(C5CC5)c4)CC3)c12,0.24303804868629442
E-0014919,Cn1cnc2ccc(-c3ccc(OCCN4CCOCC4)cc3)cc21,-0.10790539730951959
E-0015012,CO[C@H]1CCN(CCOc2ccc(-c3ccc4ccncc4c3)cc2)C1,-0.040958607678906384
E-0013587,O=C(c1n[nH]cc1-c1cncnc1)N1CCC(Oc2ccc(Cl)cc2)CC1,0.16136800223497488
E-0013597,COC[C@@H]1CCCN1Cc1ccc(N2CCN(C(=O)c3cn(C)c4ncccc34)CC2)cc1,0.1931245983544616
E-0014512,O=C(c1n[nH]c2cccnc12)N1CCC(n2cnc3cc(Cl)ccc32)CC1,1.162564406523019
E-0014541,C[C@@H](CN(C)C)NC(=O)Cc1cccc(Nc2cccc(-c3cccnc3)n2)n1,1.028977705208778
E-0014487,CN1CCC(Cn2cc(Nc3cc(-c4cccnc4)ccn3)cn2)CC1,0.9009130677376691
E-0014456,O=C(c1n[nH]c2cccnc12)N1CCC(OC2CCN(C3CC3)CC2)CC1,0.6785183790401139
E-0011920,O=C(c1n[nH]c2ncccc12)N1CCC(Oc2ccc(Cl)cc2)CC1,0.06069784035361165
E-0014925,Cc1cc(CN2CCOCC2)ccc1Nc1nccc(-c2ccnnc2)n1,-0.00877392430750515
E-0014577,COc1cncc(OC2CCN(C(=O)c3n[nH]c4ccccc34)CC2)c1,0.03342375548694973
E-0014682,CNc1cc(OC)ncc1-c1cc(C(=O)N2CCN(Cc3cncc(Cl)c3)CC2)on1,0.04139268515822507
E-0014847,FC1(F)CN(CCc2ccc(Nc3ccn(-c4cccnc4)n3)cc2)C1,-0.07572071393811836
E-0014805,Fc1ccccc1-n1ccc(Nc2ccc(OCCCN3CCCC3)cc2)n1,-0.1804560644581313
E-0015014,CN1CCN(Cc2cccc(Nc3nccc(-c4cc(F)cc(N5CCOCC5)c4)n3)c2)CC1,-0.4089353929735008
E-0014862,c1cc2ccc(-c3ccc(OCCN4CC5(CCO5)C4)cc3)cc2cn1,-0.12493873660829993
E-0012765,COc1cccc(-c2ccnc(Nc3cccc(CC(N)=O)c3)n2)c1,0.03742649794062367
E-0012166,Cc1cccc(CNc2nc(-c3ccccc3)cc(=O)[nH]2)c1,-0.14874165128092473
E-0014729,c1cncc(-c2cccc(Nc3cccc(CCN4CCC4)n3)n2)c1,0.146128035678238
E-0013511,NC(=O)Cc1cccc(Nc2cccc(-c3cccnc3)n2)n1,0.19865708695442263
E-0013592,O=C(c1n[nH]cc1C1CCCC1)N1CCC(Oc2ccc(Cl)cc2)CC1,-0.11918640771920865
E-0014648,O=C(c1n[nH]c2cc(-c3ccccn3)cnc12)N1CCC(OC2CCN(C3CC3)CC2)CC1,0.8926510338773004
E-0012864,O=C(c1n[nH]c2ccccc12)N1CCN(c2ccc(CN3CC(F)C3)cc2)CC1,0.01703333929878037
E-0014689,c1ccc(-n2ccc(Nc3ccc(CCCCN4CCCC4)cc3)n2)nc1,-0.1938200260161128
E-0014759,O=C(c1n[nH]cc1-c1ccc2ncsc2c1)N1CCN(Cc2ccc(Cl)c(F)c2)CC1,0.320146286111054
E-0012922,NC(=O)Cc1cccc(Nc2cccc(-c3cccnc3)n2)c1,0.6766936096248666
E-0014806,Fc1cccc(-n2ccc(Nc3ccc(OCCCN4CCCC4)cc3)n2)c1,-0.1870866433571444
E-0012828,Cn1cc(C(=O)N2CCC(Nc3ccc(Cl)cc3)CC2)c2ccccc21,0.03742649794062367
E-0012806,Fc1cccc(-c2ccnc(Nc3ccc(CN4CCC(F)(F)CC4)cc3)n2)c1,-0.03621217265444471
E-0014926,COc1cc(CN2CCOCC2)ccc1Nc1nccc(-c2ccnnc2)n1,0.2304489213782739
E-0014653,COc1ccc(Nc2cncc(N(CCc3ccncc3)C3CC3)n2)cc1,-0.1938200260161128
E-0014741,O=C(c1cc(-c2ncccc2F)[nH]n1)N1CCC(n2cnc3cc(Cl)ccc32)CC1,0.06818586174616162
E-0014935,Cc1[nH]nc(C(=O)N2CCC(OC3CCN(C4CC4)CC3)CC2)c1C#Cc1ncccn1,1.6269559514354475
E-0015107,c1cc2ccc(-c3ccc(O[C@H]4CCNC4)cc3)cc2cn1,0.06069784035361165
E-0014668,O=C(c1n[nH]c2cncnc12)N1CCC(OC2CCN(C3CC3)CC2)CC1,0.5587085705331657
E-0013850,COc1cncc(-c2cn(C)c3ccc(OC4CN(C)C4)cc23)c1,-0.1870866433571444
E-0014392,O=C(c1n[nH]cc1-c1ccc2scnc2c1)N1CCC(OC2CCN(C3CC3)CC2)CC1,1.0948203803547998
E-0014562,O=C(c1n[nH]c2cccnc12)N1CCN([C@@H](c2cncc(Cl)c2)C(F)(F)F)CC1,0.6009728956867483
E-0014347,Clc1cncc(O[C@@H]2[C@@H]3CC[C@H]2CN(Cc2n[nH]c4cccnc24)C3)c1,-0.14266750356873156
E-0013800,O=C(c1c[nH]c2cccnc12)N1CCC(Nc2ccc(Cl)cc2)CC1,0.1846914308175988
E-0011955,O=C(c1noc2ccccc12)N1CCN(Cc2ccc(Cl)cc2)CC1,-0.25181197299379954
E-0014167,O=c1c2[nH]c3cc(F)ncc3c2ccn1CCCN1CCCCC1,0.008600171761917567
E-0014128,O=C(c1n[nH]cc1-c1ccc2ncsc2c1)N1CCC(OC2CCNCC2)CC1,0.16136800223497488
E-0013519,c1cc2ccc(-n3ccc(OCCN4CCCCC4)n3)cc2cn1,-0.11918640771920865
E-0012083,Cn1cc(C(=O)N2CCN(c3ccc(CN4CC(O)C4)cc3)CC2)c2cccnc21,0.60422605308447
E-0013618,CC(C)(C)OC(=O)N1CC=C(c2c[nH]nc2C(=O)N2CCC(Oc3ccc(Cl)cc3)CC2)CC1,0.07554696139253074
E-0012858,Fc1cc(-c2ccnc(Nc3cccc(N4CCNCC4)c3)n2)cc(N2CCOCC2)c1,-0.031517051446064856
E-0015040,CNCCc1cccc2c1[nH]c1c(=O)n(C)ccc12,0.24054924828259971
E-0014830,COc1cc2ocnc2cc1-c1cc(C(=O)N2CCC(OC3CCN(C4CC4)CC3)CC2)[nH]n1,0.414973347970818
E-0014530,O=C(c1cccc2cc[nH]c12)N1CCC(Oc2cncc(Cl)c2)CC1,-0.05551732784983137
E-0014100,CCOc1cc2[nH]c3c(=O)n(CCCN4CCCCC4)ccc3c2cc1F,-0.11918640771920865
E-0014819,COc1ccc(-c2cc(NC3CCN(Cc4cncc(Cl)c4)CC3)n[nH]2)c(OC)c1,-0.22914798835785583
E-0014586,NC(=O)Cc1cccc(Nc2cccc(-c3ccns3)n2)n1,-0.040958607678906384
E-0011950,CN(c1ccc(Cl)cc1)C1CCN(C(=O)c2n[nH]c3ccccc23)CC1,-0.11350927482751812
E-0015093,CC(=O)N[C@@H](C)COc1cccc(-c2ccc3c(c2)NC(=O)CO3)c1,0.17318626841227402
E-0013780,COC1CN(Cc2cccc(N3CCN(C(=O)c4cn(C)c5ncccc45)CC3)c2)C1,0.23552844690754893
E-0014852,C[C@H](CN(C)C)NC(=O)c1nccc2ccc(-c3ccc(OCCN4CCC(F)(F)CC4)cc3)cc12,0.7126497016272113
E-0013507,COCC1CN(Cc2ccc(N3CCN(C(=O)c4cn(C)c5nc(Cl)ccc45)CC3)cc2)C1,-0.06550154875643228
E-0013515,CC(=O)Nc1ccc(Nc2nccc(-c3cccc(F)c3)n2)cc1,-0.08618614761628333
E-0012837,COc1ccc2[nH]c3c(=O)n(CCN4CCCCC4)cc(Cl)c3c2c1,-0.2076083105017461
E-0012808,Fc1cccc(-c2ccnc(Nc3ccc(CN4CCC4)cc3)n2)c1,-0.4089353929735008
E-0015001,O=C(c1n[nH]c2cccnc12)N1C[C@H]2CC[C@@H](C1)[C@H]2Oc1cncc(Cl)c1,0.6839471307515121
E-0014691,CNC(=O)Cc1cccc(Nc2cccc(-c3cccc(F)c3)n2)n1,-0.3467874862246563
E-0014374,CC(=O)N[C@H](C)COc1cccc(-c2ccc3c(c2)NC(=O)CC3)c1,0.5024271199844327
E-0014929,COc1cc(-c2ccc3ccncc3c2)ccc1OCCN1CCOCC1,0.20682587603184974
E-0012763,NC(=O)Cc1cccc(Nc2nccc(-c3cccc(N4CCOCC4)c3)n2)c1,0.11058971029924897
E-0014594,NC(=O)Cc1cccc(Nc2ccn(-c3ccccn3)n2)c1,-0.05551732784983137
E-0012191,Cc1ccc2[nH]nc(C(=O)N3CCC(Nc4ccc(Cl)cc4)CC3)c2c1,-0.09691001300805639
E-0012869,O=c1c2[nH]cc(-c3cccnc3)c2ncn1CCCN1CCCCC1,0.34830486304816066
E-0013531,COCC1CN(Cc2ccc(N3C[C@@H]4CC[C@H]3CN4C(=O)c3cn(C)c4ncccc34)cc2)C1,0.292256071356476
E-0015110,CN1CC[C@@H](Oc2ccc(-c3ccc4ccncc4c3)cc2)C1,0.2600713879850748
E-0015153,CC(C)c1cc(-c2ccc(OCCN3CCCCC3)cc2)cc2cnccc12,0.28330122870354957
E-0014984,O=C(c1n[nH]c2cc(OC(F)(F)F)ccc12)N1CCC(Oc2cncc(C3CC3)c2)CC1,0.8082109729242221
E-0011893,CN1CCN(c2cccc(Nc3nc(-c4ccc(F)cc4)cs3)c2)CC1,0.24797326636180664
E-0014844,O=c1cc2cccc(Nc3cccc(-c4cccnc4)n3)c2c[nH]1,0.1553360374650618
E-0015061,N#Cc1cc(-c2ccc(OCCN3CCCCC3)cc2)c2ccncc2c1,0.13033376849500614
E-0014742,Oc1cc(OC2CCN(C3CC3)CC2)ccc1-c1n[nH]c2cccnc12,-0.045757490560675115
E-0012867,O=c1c2[nH]cc(-c3ccccc3)c2ncn1CCCN1CCCCC1,-0.08618614761628333
E-0015064,c1cc2cc(N3CCC3)c(-c3ccc(OCCN4CCCCC4)cc3)cc2cn1,0.7395723444500919
E-0012157,CS(=O)(=O)Nc1cccc(-c2ccnc(Nc3cccc(CN4CCOCC4)c3)n2)c1,0.07554696139253074
E-0015068,CC(C)N(C)CCOc1ccc(-c2ccc3ccncc3c2)cc1,0.004321373782642578
E-0014383,O=C(Nc1cccc(Nc2cccc(-c3cccnc3)n2)n1)C1CCC1,-0.1938200260161128
E-0014579,COc1cnc2cc3c(=O)n(CCCN4CCCCC4)ccn3c2c1,0.08635983067474821
E-0014810,O=C(Cn1cccc(Nc2nccc(-c3cccnc3)n2)c1=O)N1CCC1,0.2671717284030138
E-0013667,c1cc2ccc(-n3cc(OCC4CCN4)cn3)cc2cn1,-0.0506099933550872
E-0014700,NC(=O)Cn1ccc(Nc2cccc(-c3cccc(S(N)(=O)=O)c3)n2)n1,1.2060158767633447
E-0011883,CNc1cc2ccncc2cc1-n1cc(OCCN2CCCCC2)cn1,-0.07058107428570727
E-0013694,O=C1CCc2ccc(-c3cc(OCCN4CCCCC4)ccn3)cc2N1,-0.06550154875643228
E-0014315,O=c1c2[nH]c3cc(OCC4CC4)ccc3c2ccn1CCCN1CCCCC1,-0.07572071393811836
E-0014671,COc1ccccc1-c1cc(C(=O)N2[C@@H]3CC[C@H]2C[C@@H](OC2CCN(C4CC4)CC2)C3)n[nH]1,-0.23657200643706278
E-0012163,O=C(c1n[nH]c2ccccc12)N1CCN(Cc2ccc(Cl)nc2)CC1,0.021189299069938092
E-0013642,c1cc(Nc2ccc(CN3CCOCC3)cc2)nc(-c2cnccn2)c1,-0.031517051446064856
E-0012221,Cn1cc(C(=O)N2CCN(c3ccc(CN4CC5(CCCCO5)C4)cc3)CC2)c2ccccc21,-0.017728766960431602
E-0014162,O=c1c2[nH]c3cc(F)ccc3c2ccn1CCC1CNC1,0.7543483357110189
E-0012788,COc1ccc2[nH]c3c(=O)n(CCN4CCCCC4)ccc3c2c1,-0.017728766960431602
E-0014825,c1nc2ccc(-c3c[nH]nc3CN3CCC(c4cnnc(C5CC5)c4)CC3)cc2s1,0.4608978427565479
E-0012871,COc1ccc2[nH]c3c(=O)n(CC(C)(C)CN4CCCCC4)cnc3c2c1,-0.07058107428570727
E-0014401,COc1ccccc1-c1cc(C(=O)N2CCC(OC3CCN(C4CC4)CC3)CC2)[nH]n1,0.004321373782642578
E-0013623,O=C(c1n[nH]cc1-c1ccccc1)N1CCC(Oc2ccc(C(F)(F)F)nc2)CC1,0.07188200730612536
E-0014299,Clc1ccc(C2CCN(Cc3n[nH]cc3-c3ccc4ncsc4c3)CC2)cc1,0.16731733474817606
E-0015143,Cc1cc(-c2cccc(C(=O)NC[C@H](C)O)c2)c2ccncc2c1,0.43136376415898736
E-0012782,COc1ccc2c(C(=O)N3CCC(Oc4ccc(Cl)nc4)CC3)n[nH]c2c1,-0.14874165128092473
E-0014034,O=C(c1n[nH]cc1-c1ccc2c(c1)OCO2)N1CCC(Oc2cncc(Cl)c2)CC1,0.3891660843645325
E-0014761,C[C@H](N)COc1ccc2sc3c(c2c1)SCCN(C)C3=O,0.1846914308175988
E-0014853,CN1CCC(C(F)(F)c2ccc(N(C)c3cccc(-c4cccnc4)n3)cc2)CC1,0.5820633629117087
E-0014883,COc1cncc(CN2CCN(C(=O)c3n[nH]c4cccnc34)CC2)c1,1.2124539610402758
E-0014768,CN(C)CCOc1ccc(-c2ccc3ccncc3c2)cc1,-0.09691001300805639
E-0013870,COCC1CN([C@H](COC)c2ccc(N3CCN(C(=O)c4cn(C)c5ncccc45)CC3)cc2)C1,0.23299611039215382
E-0012772,O=C(c1n[nH]cc1-c1ccccc1)N1CCC(Oc2ccc(Cl)cc2)CC1,0.06818586174616162
E-0014486,CN(C)C(=O)c1cn(C)c2ccc(OCCCN3CCCC3)cc12,0.9159272116971158
E-0013927,COc1ccc(-c2cc(C(=O)N3CCC(Oc4cncc(Cl)c4)CC3)n[nH]2)c(OC)c1,0.20411998265592482
E-0012795,O=C(c1n[nH]c2ccccc12)N1C2CCC1CN(Cc1ccc(Cl)cc1)C2,0.28330122870354957
E-0014433,CN1CCC(Cn2nccc2N(C)c2cccc(-c3cccc(F)c3)n2)CC1,0.10037054511756291
E-0014435,Cc1cn2nc(-c3c[nH]nc3C(=O)N3CCC(Oc4cncc(Cl)c4)CC3)cc2c(C)n1,1.3500540935790304
E-0011945,NC(=O)Cc1ccc(Nc2nccc(-c3cc(F)cc(N4CCOCC4)c3)n2)cc1,0.10037054511756291
E-0015027,Clc1cncc(O[C@@H]2[C@@H]3CC[C@H]2CN(Cc2n[nH]c4cncnc24)C3)c1,-0.10790539730951959
E-0014361,COc1ccc2c(c1)[nH]c1c(C(=O)NCCCN3CCCCC3)ccnc12,-0.040958607678906384
E-0011897,O=C(c1n[nH]c2ccccc12)N1CCC(Oc2ccc(C(F)(F)F)cc2)CC1,-0.2006594505464183
E-0014442,Cc1ccc(CNc2cc(=O)[nH]c(-c3ccccc3)n2)cc1,-0.1366771398795441
E-0014897,COc1ccc(-c2cc(C(=O)N3CC[C@H](OC)C3)[nH]n2)c(OC)c1,-0.14266750356873156
E-0014820,O=C(c1n[nH]c2cnc(-c3ccccc3)nc12)N1CCC(OC2CCN(C3CC3)CC2)CC1,0.271841606536499
E-0012819,COc1cccc2c1[nH]c1c(=O)n(CCCN3CCCCC3)ccc12,-0.11350927482751812
E-0014987,O=C(c1n[nH]c2cccnc12)N1CC[C@]2(C1)C[C@H](Oc1cncc(Cl)c1)C2,0.9074113607745862
E-0012255,N#Cc1cccc(-c2ccnc(Nc3ccc(CC(N)=O)cc3)n2)c1,0.11394335230683678
E-0014903,Fc1cc(OCCN2CCCC2)ccc1-c1ccc2ccncc2c1,0.04532297878665747
E-0014568,O=C(c1cccc2ccc(=O)[nH]c12)N1CCC(Oc2cncc(Cl)c2)CC1,0.31386722036915343
E-0014432,CN1CCC(NC(=O)Cc2cccc(Nc3cccc(-c4cccnc4)n3)n2)CC1,1.850829959848531
E-0013536,CO[C@@H]1CCN(Cc2ccc(N3CCN(C(=O)c4cn(C)c5ncccc45)CC3)cc2)C1,-0.00877392430750515
E-0012171,CC(C)c1ccc(CNc2cc(-c3ccccc3)[nH]c(=O)n2)cc1,0.09691001300805642
E-0014610,O=C(c1ccc2ccc(=O)[nH]c2c1)N1CCC(Oc2cncc(Cl)c2)CC1,0.7283537820212285
E-0013631,Cn1c2ccccc2c2c(Cl)cn(CCCN3CCCCC3)c(=O)c21,-0.09151498112135022
E-0012217,COCC1CN(Cc2ccc(N3CCN(C(=O)c4cn(C)c5ccccc45)CC3)cc2)C1,0.11394335230683678
E-0012234,Cc1c[nH]nc1C(=O)N1CCC(Oc2ccc(Cl)cc2)CC1,-0.1870866433571444
E-0015086,CNCCCOc1cccc2c1[nH]c1c(=O)n(C)ccc12,0.359835482339888
E-0012855,CN1CCC(c2ccc(Nc3nccc(-c4cc(F)cc(N5CCOCC5)c4)n3)cc2)CC1,0.02530586526477026
E-0015011,F[C@@H]1CCN(CCOc2ccc(-c3ccc4ccncc4c3)cc2)C1,-0.14874165128092473
E-0013516,Fc1cccc(-c2ccnc(Nc3ccc(CN4CCOCC4)cc3)n2)c1F,-0.22184874961635637
E-0011989,COc1ccc2[nH]c3c(=O)n(C[C@H]4CCCN(C)C4)cnc3c2c1,0.029383777685209667
E-0012764,CN1CCN(c2cccc(-c3ccnc(Nc4cccc(CC(N)=O)c4)n3)c2)CC1,0.5865873046717549
E-0014979,COc1ccc(-c2c[nH]nc2C(=O)N2CCN(c3cncc(Cl)c3)CC2)c(OC)c1,0.8475726591421122
E-0014923,Fc1cc(-c2ccc3ccncc3c2)c(F)cc1OCCN1CCOCC1,0.08278537031645007
E-0013797,O=C(c1[nH]nc2cccnc12)N1C[C@H]2C[C@H](Oc3ccc(Cl)cc3)C[C@H]2C1,0.008600171761917567
E-0014564,O=c1nc(-c2ccccc2)cc(NCc2cncc(Cl)c2)[nH]1,1.5863622233078658
E-0014051,Cc1ncc(COc2ccc3c(c2)c2ccn(CCCN4CCCCC4)c(=O)c2n3C)o1,-0.13076828026902382
E-0014894,COc1ccc(-c2cc(C(=O)N3CC[C@H](Oc4ccccc4)C3)[nH]n2)c(OC)c1,0.16731733474817606
E-0014437,O=C(c1n[nH]cc1-c1cnc2nccn2c1)N1CCC(Oc2cncc(Cl)c2)CC1,0.8082109729242221
E-0014748,Cc1[nH]nc(C(=O)N2CCC(OC3CCN(C4CC4)CC3)CC2)c1C#Cc1cncs1,0.7678976160180907
E-0014780,O=C(c1n[nH]cc1C#Cc1cncs1)N1CCC(CN2CCOCC2)CC1,0.4409090820652177
E-0015124,Cc1ccnc2c(CN3C[C@H]4CC[C@@H](C3)[C@@H]4Oc3cncc(Cl)c3)n[nH]c12,-0.11918640771920865
E-0014636,Fc1cccc(-c2ccnc(Nc3ccc(CCN4CCC4)cc3)n2)c1,-0.022276394711152253
E-0014389,Clc1ccc(Nc2n[nH]cc2-c2ccn3nccc3n2)cc1,-0.3279021420642826
E-0012854,O=C(c1ccc(Nc2nccc(-c3cccc(F)c3)n2)cc1)N1CCOCC1,-0.045757490560675115
E-0014797,CC(=O)N[C@@H](C)COc1ccc2sc3c(c2c1)SCCN(C)C3=O,0.359835482339888
E-0014609,O=C(c1ccc2ccc(=O)[nH]c2c1)N1CCC(OC2CCN(C3CC3)CC2)CC1,0.9294189257142927
E-0014407,Cc1cc2[nH]c3c(=O)n(CCCN4CCCCC4)ccc3c2s1,-0.3279021420642826
E-0011971,COc1ccc2[nH]c3c(=O)n(CC4CCC(=O)NC4)cnc3c2c1,0.9827233876685453
E-0012910,O=C(c1n[nH]c2cnccc12)N1CCC(Oc2ccc(Cl)cc2)CC1,0.05307844348341968
E-0014807,c1cncc(-n2ccc(Nc3ccc(OCCCN4CCCC4)cc3)n2)c1,-0.0809219076239261
E-0011791,CS(=O)(=O)Nc1cccc(-c2ccnc(Nc3ccc(CC(N)=O)cc3)n2)c1,1.3729120029701067
E-0014875,Cc1[nH]nc(C(=O)N2CCC(OC3CCN(C4CC4)CC3)CC2)c1C#Cc1cncnc1,0.7551122663950712
E-0013789,COc1cncc(-c2cn(C)c3ccc(OC4CCNC4)cc23)c1,0.292256071356476
E-0014378,CNCCc1ccc(Nc2cccc(-c3cccnc3)n2)cc1,0.37657695705651195
E-0014770,CN1CCN(CCOc2ccc(-c3ccc4ccncc4c3)cc2)CC1,-0.08618614761628333
E-0013673,O=C(c1[nH]nc2ccccc12)N1CCC(Oc2cccnc2C(F)(F)F)CC1,0.02530586526477026
E-0014854,CC(C)NCCOc1ccc(-c2ccc3ncncc3c2)cc1,0.11727129565576427
E-0013848,COc1cncc(-c2cn(C)c3ccc(OCC4CNC4)cc23)c1,0.6483600109809317
E-0014692,FC1(F)CCN(Cc2ccc(Nc3cccc(-c4cccnc4)n3)nc2)CC1,-0.060480747381381476
E-0013720,COc1ccc2[nH]c3c(=O)n(C[C@@H]4CCN(C)C4)cnc3c2c1,0.1553360374650618
E-0011884,Cc1c2ccncc2cc2c3cc(OCCNC4CCOCC4)ccc3n(C)c12,-0.1804560644581313
E-0012893,O=C(c1n[nH]c2cccnc12)N1CCC(Oc2ccc(Cl)cc2)CC1,0.17609125905568124
E-0013799,O=C(c1n[nH]c2ccccc12)N1CCC(Nc2ccccc2)CC1,-0.031517051446064856
E-0012196,Cn1cc(C(=O)N2CCN(c3ccc(CN4CC5(CCO5)C4)cc3)CC2)c2cccnc21,0.13353890837021754
E-0012926,O=C(c1c[nH]c2ccccc12)N1CCN(Cc2ccc(C(F)(F)F)cc2)CC1,0.36361197989214433
E-0014139,NC(=O)Cc1ccnc(Nc2cccc(-c3cccnc3)n2)n1,0.08635983067474821
E-0014181,O=C(c1n[nH]cc1C#Cc1cncs1)N1CCC(Oc2cncc(Cl)c2)CC1,0.6053050461411095
E-0013992,COc1ccc2c(c1)c1ncn(C[C@H]3CCN(C)C3)c(=O)c1n2C,-0.11350927482751812
E-0012900,c1cc2ccc(-n3cc(OCCCN4CCCC4)cn3)cc2cn1,-0.03621217265444471
E-0012801,CS(=O)(=O)Nc1cccc(-c2cccc(Nc3ccc(CN4CCOCC4)cc3)n2)c1,0.06818586174616162
E-0013590,O=C(c1n[nH]cc1C1=CCCCC1)N1CCC(Oc2ccc(Cl)cc2)CC1,-0.09691001300805639
E-0014835,O=C(c1n[nH]cc1-c1ccc2ncsc2c1)N1CCC(OC2CCN(CC(F)F)CC2)CC1,0.2966651902615311
E-0012853,CN(C)Cc1ccc(Nc2nccc(-c3cccc(F)c3)n2)cc1,-0.14266750356873156
E-0014993,O=C(c1cc(-c2ccn3cncc3c2)n[nH]1)N1CCC(Oc2cncc(Cl)c2)CC1,0.8561244442423004
E-0012809,COC1CN(Cc2ccc(Nc3nccc(-c4cccc(F)c4)n3)cc2)C1,-0.3187587626244128
E-0014384,CN1CCN(C(=O)Nc2cccc(Nc3cccc(-c4cccnc4)n3)n2)CC1,0.5538830266438743
E-0012203,O=c1ccc2ccc(-c3ccc(OCCN4CCCCC4)cc3)cc2[nH]1,-0.10237290870955855
E-0014633,CN1CCN(Cc2ccc(Nc3nccc(-c4cccc(F)c4)n3)cc2)CC1=O,0.06445798922691845
E-0012756,O=c1c2[nH]c3cc(Cl)ccc3c2ccn1CCCN1CCCCC1,-0.16749108729376366
E-0012209,N#CCNC1CCN(C(=O)c2n[nH]c3ccccc23)CC1,0.01703333929878037
E-0014811,O=C(Cn1cccc(Nc2cc(-c3cccnc3)ccn2)c1=O)N1CCC1,0.3242824552976926
E-0011947,CC(C)N1CCN(c2ncn(-c3ccc(Nc4ncc(-c5ccccc5)cn4)cc3)n2)CC1,-0.1870866433571444
E-0014672,COc1ccc(N(C)c2nccc(NCCc3ccncc3)n2)cc1,-0.2676062401770315
E-0012906,O=C(c1c[nH]c2ccccc12)N1CCC(Oc2ccc(C(F)(F)F)cc2)CC1,0.3010299956639812
E-0014661,Cn1c2ccc(OCCn3cc(C#N)c(Cl)n3)cc2c2ccn(CCCN3CCCCC3)c(=O)c21,0.08990511143939793
E-0014985,Clc1cncc(OC2CC3(C2)CN(Cc2n[nH]c4cccnc24)C3)c1,0.4065401804339551
E-0014317,COC1CN(Cc2ccc(N3CCN(C(=O)c4cn(C)c5c(C#N)cccc45)CC3)cc2)C1,-0.3467874862246563
E-0014410,Cn1c2cc(F)ncc2c2ccn(CCCN3CCCCC3)c(=O)c21,0.05690485133647255
E-0014776,Cn1ncc(C#Cc2cncs2)c1C(=O)N1CCN(Cc2cncc(Cl)c2)CC1,-0.060480747381381476
E-0013892,COc1ccc(-c2cc(C(=O)N3CCC(Oc4cncc(Cl)c4)CC3)n[nH]2)cc1OC,0.3783979009481377
E-0012535,Cn1cc(C(=O)N2CCC(Oc3ccc(Cl)cc3)CC2)c2ccccc21,0.10720996964786837
E-0014865,c1cc(-c2ccc3cnsc3c2)ccc1OCCN1CCOCC1,-0.1870866433571444
E-0014430,CN1CC(NC(=O)Cc2cccc(Nc3cccc(-c4cccnc4)n3)n2)C1,1.78161178249315
E-0012206,Clc1cccc(-c2ccnc(Nc3ccc(CN4CCOCC4)cc3)n2)c1,-0.22184874961635637
E-0014555,c1cc2ccc(-c3ccc(OCCN4CCOCC4)cc3)cc2cn1,-0.25181197299379954
E-0012811,Fc1ccccc1-c1ccnc(Nc2ccc(CN3CCOCC3)cc2)n1,-0.16749108729376366
E-0014623,O=C1NCCSc2c1sc1ccc(OCCN3CCCCC3)cc21,0.004321373782642578
E-0013844,COCCNC(=O)c1ccc(-c2ccc3ccncc3c2)cc1,0.09691001300805642
E-0012936,COCC1CN(Cc2ccc(N3CCN(C(=O)c4cn(C)c5ncc(Cl)cc45)CC3)cc2)C1,0.15228834438305647
E-0012188,CC(C)(Nc1cc(-c2ccccc2)[nH]c(=O)n1)c1ccccc1,0.22530928172586284
E-0014725,Nc1ccc(OCC2CNC2)cc1-c1cc(-c2ccncc2)ccn1,1.3459615418131412
E-0014395,CC(C)N1CCC(OC2CCN(C(=O)c3n[nH]cc3-c3ccc4ncsc4c3)CC2)CC1,0.8221680793680175
E-0014620,CCOc1cc2c(cn1)c1ccn(CCCN3CCCCC3)c(=O)c1n2C,-0.0506099933550872
E-0012215,Cn1cc(C(=O)N2CCN(c3ccc(CN4CC(C(F)(F)F)C4)cc3)CC2)c2ccccc21,0.07554696139253074
E-0013833,CCOc1ccc2[nH]c3c(=O)n(C[C@@H]4CCN(C)C4)cnc3c2c1,0.24797326636180664
E-0014753,Cn1ncc(C#Cc2cncs2)c1C(=O)N1CCC(Oc2cncc(Cl)c2)CC1,-0.14266750356873156
E-0015033,CN1CCC(OC2CCN(Cc3n[nH]cc3-c3ccc4ncsc4c3)CC2)CC1,0.9858753573083936
E-0013846,CNc1cc2ccncc2cc1-c1ccc(OCCN2CCCCC2)cc1,-0.08618614761628333
E-0014784,COc1ccc(C(F)(F)F)c2c1cc1c(=O)n(CCCN3CCCCC3)ccn12,-0.13076828026902382
E-0014834,O=C(c1n[nH]cc1-c1ccc2ncsc2c1)N1CCC(OC2CCN(CC(F)(F)F)CC2)CC1,0.2576785748691845
E-0014559,c1cnc2cc(-c3ccc(CCN4CCC4)cc3)ccc2c1,0.04139268515822507
E-0014716,COc1ccc2c(c1)[nH]c1c(C(=O)O)ccnc12,1.3328422669943516
E-0012252,NC(=O)Cc1cccc(Nc2nccc(-c3cccnc3)n2)c1,0.04139268515822507
E-0012907,Cc1ccc2[nH]cc(C(=O)N3CCC(Nc4ccc(Cl)cc4)CC3)c2c1,0.320146286111054
E-0014777,CCn1ncc(C#Cc2cncs2)c1C(=O)N1CCN(Cc2cncc(Cl)c2)CC1,-0.1804560644581313
E-0014971,Fc1cc(OCCN2CCOCC2)cc(F)c1-c1ccc2ccncc2c1,0.4265112613645752
E-0014656,O=C(c1n[nH]c2cccnc12)N1CC[C@@H](Oc2cncc(Cl)c2)C1,0.7481880270062005
E-0012829,CN(c1ccc(Cl)cc1)C1CCN(C(=O)c2cn(C)c3ccccc23)CC1,0.04532297878665747
E-0012761,CC(C)N1CCN(c2ncn(-c3ccc(Nc4ncc5cccc(Cl)c5n4)cc3)n2)CC1,0.004321373782642578
E-0013622,O=C(c1[nH]ncc1-c1ccccc1)N1CCC(Oc2ccc(Cl)nc2)CC1,0.06069784035361165
E-0012229,COc1ccc2[nH]c3c(=O)n(CC[C@@H](C)N4CCCCC4)ccc3c2c1,-0.06550154875643228
E-0014381,NC(=O)Cn1cccc(Nc2cccc(-c3cccnc3)n2)c1=O,0.670245853074124
E-0014494,CC(=O)Nc1ccnc(Nc2cccc(-c3cccnc3)n2)c1,0.3979400086720376
E-0014657,O=C(c1n[nH]c2cccnc12)N1CC[C@H](Oc2cncc(Cl)c2)C1,1.0941215958405615
E-0012865,COc1ccc2[nH]c3c(=O)n(C[C@H](C)CN4CCCCC4)cnc3c2c1,-0.045757490560675115
E-0014745,COc1ccc(Nc2cccc(N(CCc3ccncc3)C3CC3)n2)cc1,-0.06550154875643228
E-0014492,CNCCOc1ccc(-c2ccc3ncncc3c2)c(N)c1,0.11727129565576427
E-0014963,C[C@H]1CN(CCOc2ccc(-c3ccc4ccncc4c3)cc2)CCO1,0.10380372095595687
E-0014867,Cc1cc(-c2ccc3ccncc3c2)ccc1OCCN1CCOCC1,-0.0506099933550872
E-0014033,CC(=O)Nc1cccc(Nc2cccc(-c3cccnc3)n2)n1,-0.2006594505464183
E-0014764,Fc1cccc(-c2cccc(Nc3cccc(CCN4CCC4)n3)n2)c1,0.13987908640123647
E-0014558,c1cnc2ccc(-c3ccc(CCN4CCC4)cc3)cc2c1,-0.060480747381381476
E-0014793,COc1c(F)ccc2c3cc[nH]c(=O)c3n(CCCN3CCCCC3)c12,-0.3279021420642826
E-0015109,CN1CC[C@H](Oc2ccc(-c3ccc4ccncc4c3)cc2)C1,0.07918124604762482
E-0013593,O=C(c1n[nH]cc1C1=CCCC1)N1CCC(Oc2ccc(Cl)cc2)CC1,-0.060480747381381476
E-0014503,CN(c1cc(-c2cccc(F)c2)ccn1)c1ccnn1CC1CCNCC1,1.447778009294621
E-0014355,O=C(c1n[nH]cc1-c1ccn2nccc2n1)N1CCN(C2CC2)CC1,0.5774917998372253
E-0012820,O=c1c2[nH]c3c(OC(F)(F)F)cccc3c2ccn1CCCN1CCCCC1,-0.09151498112135022
E-0014892,COc1ccc(-c2cc(C(=O)N3CC[C@@H](Oc4ccc(F)cc4)C3)[nH]n2)c(OC)c1,0.06069784035361165
E-0013829,COc1cc2[nH]c3c(=O)n(CCCN4CCCCC4)ccc3c2cc1F,0.03742649794062367
E-0014928,COc1cc(Nc2nccc(-c3ccnnc3)n2)ccc1CN1CCOCC1,0.3783979009481377
E-0012768,Fc1cccc(-c2cccc(Nc3ccc(CN4CCOCC4)cc3)n2)c1,-0.09691001300805639
E-0014976,COc1cc(OCCN2CCOCC2)ccc1-c1ccc2ccncc2c1,0.08635983067474821
E-0014822,O=C(c1n[nH]c2cc(-c3ccccn3)cnc12)N1CCC(Oc2ccc(Cl)cc2)CC1,0.250420002308894
E-0014650,Oc1cc(C2CCN(C3CC3)CC2)ccc1-c1n[nH]c2cccnc12,0.029383777685209667
E-0013578,CN1C(=O)CCc2ccc(-c3ccc(OCCN4CCCCC4)cn3)cc21,-0.026872146400301365
E-0013711,O=C(c1[nH]ncc1-c1ccc2ocnc2c1)N1CCC(Oc2ccc(Cl)cc2)CC1,0.04921802267018165
E-0013670,CN1C(=O)CCc2ccc(-c3cccc(OCCN4CCCCC4)n3)cc21,-0.1804560644581313
E-0014443,Cc1ccc(CNc2cc(-c3ccccc3)[nH]c(=O)c2)cc1,-0.1870866433571444
E-0014634,CN1CCN(Cc2ccc(Nc3nccc(-c4cccc(F)c4)n3)cc2)C(=O)C1,0.05307844348341968
E-0014366,CN1CCC[C@@H](Cn2ccc3c([nH]c4cc(C(F)(F)F)ncc43)c2=O)C1,0.3521825181113625
E-0014957,O=c1cc(Nc2cccc(-c3cccc(F)c3)n2)ccn1CCN1CC(F)(F)C1,0.2741578492636798
E-0015139,O=C(c1n[nH]c2cccc(Cl)c12)N1C[C@H]2CC[C@@H](C1)[C@@H]2Oc1cncc(Cl)c1,0.2648178230095365
E-0015054,O=c1cc(Nc2cccc(-c3cccc(F)c3)n2)cnn1CCN1CC(F)(F)C1,-0.031517051446064856
E-0014855,c1cc2ccc(-c3ccc(OCCN4CCNCC4)cc3)nc2cn1,0.2576785748691845
E-0012192,Cc1ccc2[nH]nc(C(=O)N3CCC(NCc4ccc(Cl)cc4)CC3)c2c1,-0.16115090926274472
E-0012110,COC1CN(Cc2ccc(N3CCN(C(=O)c4cc(-c5ccccc5)on4)CC3)cc2)C1,-0.16749108729376366
E-0014429,O=C(Cc1cccc(Nc2cccc(-c3cccnc3)n2)n1)NC1COC1,0.4742162640762552
E-0013677,O=C(c1n[nH]cc1-c1ccccc1)N1CCC(Oc2cccnc2C(F)(F)F)CC1,0.18752072083646307
E-0014110,CC(C)NCCn1ccc2c([nH]c3cc(F)ccc32)c1=O,-0.05551732784983137
E-0015005,O=c1cc(Nc2nccc(-c3cccc(F)c3)n2)ccn1CCN1CC(F)(F)C1,0.05690485133647255
E-0013995,O=c1c2[nH]c3c(F)cccc3c2ccn1CCCN1CCCCC1,-0.045757490560675115
E-0013499,O=C(c1n[nH]c2ccccc12)N1CC2CC1CN2Cc1ccc(Cl)cc1,0.0
E-0011954,CC(C)n1nc(C(=O)N2CCN(Cc3ccc(Cl)cc3)CC2)c2ccccc21,-0.08618614761628333
E-0014375,CC(=O)N[C@H](C)COc1ccc(-c2ccc3cnccc3c2)cc1,0.1205739312058499
E-0012868,O=c1c2[nH]cc(-c3ccccc3)c2ncn1CCN1CCCCC1,-0.1804560644581313
E-0014593,O=C1CCCN1CCOc1ccc(-c2ccc3ccncc3c2)cc1,-0.1870866433571444
E-0015019,Clc1cc2ccncc2cc1-c1ccc(OCCN2CCCCC2)cc1,-0.22914798835785583
E-0014626,c1cc2ccc(-c3ccc(OCCNC4CC4)cc3)cc2cn1,-0.1938200260161128
E-0013528,CN(C)Cc1ccc(-c2c[nH]nc2C(=O)N2CCC(Oc3ccc(Cl)cc3)CC2)cc1,0.31386722036915343
E-0014828,COc1cc2ocnc2cc1-c1cc(C(=O)N2CCC(Oc3cncc(Cl)c3)CC2)[nH]n1,0.1553360374650618
E-0011648,c1cc2ccc(-c3ccc(OCCN4CCCCC4)cc3)cc2cn1,-0.38721614328026455
E-0012167,Cc1cccc(CNc2cc(-c3ccccc3)[nH]c(=O)n2)c1,0.15228834438305647
E-0013729,Fc1cccc(-c2ccnc(Nc3ccc(NC4CCOCC4)cc3)n2)c1,-0.14874165128092473
E-0013951,CC(=O)NCCOc1ccc(-c2ccc3ccncc3c2)cc1,-0.2076083105017461
E-0014663,O=C(O)c1ccnc2c1[nH]c1cc(Cl)ncc12,2.0238283925348863
E-0014542,COC[C@@H](C)NC(=O)Cc1cccc(Nc2cccc(-c3cccnc3)n2)n1,0.04139268515822507
E-0012823,O=c1c2[nH]c3ccc(Cl)cc3c2ccn1CCCN1CCCCC1,-0.10790539730951959
E-0012912,Cc1ccc2[nH]nc(C(=O)N3CCN(S(=O)(=O)c4ccc(Cl)cc4)CC3)c2c1,0.12710479836480765
E-0015147,Cc1cc(-c2ccc(OCCN3CCCCC3)cc2)cc2ncccc12,0.06069784035361165
E-0013772,O=C(c1n[nH]c2cccnc12)N1CCC(Nc2cncc(Cl)c2)CC1,1.7255849722706944
E-0014131,N#Cc1ccc(OC2CCN(C(=O)c3n[nH]cc3-c3ccc4ncsc4c3)CC2)cc1,0.7543483357110189
E-0012210,CC(=O)Nc1ccc(Nc2cc(N)n3nccc3n2)cc1,0.5065050324048721
E-0014496,CC(=O)Nc1cc(Nc2cccc(-c3cccnc3)n2)ccn1,0.36921585741014284
E-0012254,COc1cccc(-c2ccnc(Nc3ccc(CC(N)=O)cc3)n2)c1,0.0
E-0014434,CN1CCC(Cn2nccc2Nc2cccc(-c3cccc(F)c3)n2)CC1,0.3053513694466238
E-0014774,Cn1ncc(-c2ccc3ncsc3c2)c1C(=O)N1CCC(OC2CCN(C3CC3)CC2)CC1,0.14921911265537988
E-0015009,c1cc2ccc(-c3ccc(OCCN4CC5CCC(C4)O5)cc3)cc2cn1,-0.17392519729917352
E-0012805,O=C(c1n[nH]c2ccccc12)N1CCC(Oc2ccc(Cl)cn2)CC1,0.12710479836480765
E-0014970,Fc1cc(OCCN2CCOCC2)ccc1-c1ccc2ccncc2c1,-0.022276394711152253
E-0011942,CS(=O)(=O)Nc1cccc(-c2ccnc(Nc3ccc(CN4CCOCC4)cc3)n2)c1,0.1643528557844371
E-0014699,FC1(F)CCN(CCOc2ccc(-c3ccc4ccncc4c3)cc2)C1,0.14921911265537988
E-0013768,O=C(c1n[nH]c2cccnc12)N1[C@@H]2CC[C@H]1C[C@H](Oc1ccc(Cl)cc1)C2,-0.00877392430750515
E-0014675,COc1cncc(C2CCN(Cc3n[nH]cc3-c3ccc4ncsc4c3)CC2)c1,0.01703333929878037
E-0012909,O=C(c1n[nH]c2ccccc12)N1CCC(c2ccc(Cl)cc2)CC1,-0.3565473235138126
E-0011901,O=C(c1n[nH]c2ccccc12)N1CCN(Cc2ccc(F)cc2)CC1,-0.0809219076239261
E-0011939,Cn1cc(C(=O)N2CCN(c3ccc(CN4CC(F)C4)cc3)CC2)c2cccnc21,-0.0506099933550872
E-0014888,O=C(c1cccc2[nH]cnc12)N1CCN(Cc2ccc(Cl)c(F)c2)CC1,-0.045757490560675115
E-0015062,N#Cc1cc(-c2ccc(OCCN3CCCCC3)cc2)cc2cnccc12,0.2741578492636798
E-0012932,O=C(c1n[nH]c2ccccc12)N1CCC(Oc2ccc(C3CC3)cc2)CC1,0.29885307640970665
E-0012164,O=C(NC1CN(Cc2ccc(Cl)cc2)C1)c1n[nH]c2ccccc12,-0.09151498112135022
E-0014754,CCn1cc(C#Cc2cncs2)c(C(=O)N2CCN(Cc3cncc(Cl)c3)CC2)n1,0.21218760440395779
E-0014617,COC1(C)CN(Cc2ccc(N3CCN(C(=O)c4cn(C)c5ccccc45)C[C@H]3C)cn2)C1,0.40312052117581787
E-0014731,O=C1NCCN1c1cccc(Nc2cccc(-c3cccnc3)n2)n1,-0.23657200643706278
E-0012839,COc1ccc2[nH]c3c(=O)n(CC[C@@H](C)N4CCCCC4)cnc3c2c1,-0.14266750356873156
E-0014679,O=C(c1n[nH]cc1C#Cc1cncnc1)N1CCC(Oc2ccc(Cl)cc2)CC1,0.06818586174616162
E-0013605,CN1CCCCC1c1ccc(Nc2cccc(-c3cccc(F)c3)n2)cc1,-0.0809219076239261
E-0014958,c1cc2ccc(-c3ccc(OCCC4OCCCO4)cc3)cc2cn1,0.008600171761917567
E-0014352,O=C(c1[nH]ncc1-c1cc2ccccc2[nH]1)N1CCC(Oc2cncc(Cl)c2)CC1,0.4409090820652177
E-0012770,CS(=O)(=O)Nc1cccc(-c2cncc(Nc3ccc(CN4CCOCC4)cc3)n2)c1,0.6989700043360189
E-0013601,COC[C@H]1CCCN1Cc1ccc(N2CCN(C(=O)c3cn(C)c4ncccc34)CC2)cc1,0.05307844348341968
E-0013506,COCC1CN(Cc2ccc(N3CCN(C(=O)c4cn(C)c5ncc(F)cc45)CC3)cc2)C1,0.09342168516223506
E-0011898,O=C(c1n[nH]c2ccccc12)N1CC(NCc2ccc(Cl)cc2)C1,-0.27572413039921095
E-0014360,COc1ccc2c(c1)[nH]c1c(C(N)=O)ccnc12,0.008600171761917567
E-0014522,O=C(c1cccc2[nH]ncc12)N1CCC(Oc2ccc(Cl)cc2)CC1,0.05307844348341968
E-0013754,Cn1ccc(-c2c[nH]nc2C(=O)N2CCC(Oc3ccc(Cl)cc3)CC2)n1,0.04532297878665747
E-0015029,O=C(c1n[nH]c2cccnc12)N1CCC2(CC[C@H](Oc3cncc(Cl)c3)C2)CC1,0.33243845991560533
E-0014561,O=C(c1n[nH]c2cccnc12)N1CCN([C@H](c2cncc(Cl)c2)C(F)(F)F)CC1,0.7972675408307164
E-0014794,Cc1cc(-c2ccc(OCCN3CCCCC3)cc2)cc2cnccc12,0.16136800223497488
E-0012838,COC1CN(CC#CCN2CCN(C(=O)c3cn(C)c4ccccc34)CC2)C1,0.2013971243204515
E-0013617,O=C(c1n[nH]cc1-c1ccccc1)N1CCC(Oc2ccccc2Cl)CC1,0.012837224705172217
E-0014666,O=C(c1n[nH]c2ccc(=O)[nH]c12)N1CCC(Oc2ccc(Cl)cc2)CC1,0.14301480025409505
E-0012105,COc1ccc2[nH]c3c(=O)n(CCCN(C)CCCc4cnc(N)cc4OC)cnc3c2c1,1.395850376018781
E-0014980,COc1ccc(-c2cc(C(=O)N3CCC(Oc4ncccn4)CC3)[nH]n2)c(OC)c1,0.12710479836480765
E-0011894,CN(C)CCCOc1ccccc1Nc1nc(-c2ccc(F)cc2)cs1,0.1367205671564068
E-0011895,O=C(c1n[nH]c2ccccc12)N1CCC(Oc2ccccc2Cl)CC1,0.008600171761917567
E-0014488,Cn1cc(-c2ccc(Cl)nc2)c2cc(OC3CNC3)ccc21,0.4593924877592308
E-0015030,Clc1cncc(O[C@@H]2[C@@H]3CC[C@H]2CN(Cc2n[nH]c4ncncc24)C3)c1,-0.11350927482751812
E-0014450,O=C(c1n[nH]cc1-c1ccc2ocnc2c1)N1CCC(OC2CCN(C3CC3)CC2)CC1,1.0595634179012676
E-0014240,O=C(c1n[nH]cc1-c1ccc2ncsc2c1)N1CCN(CC(F)(F)F)CC1,-0.017728766960431602
E-0012759,COc1ccc2[nH]c3c(=O)n(CC4(CN5CCCCC5)CC4)cnc3c2c1,-0.06550154875643228
E-0014241,CCN1CCN(C(=O)c2n[nH]cc2-c2ccc3ncsc3c2)CC1,0.38560627359831223
E-0012242,Cn1nc2ccccc2c1C(=O)N1CCC(Oc2ccc(Cl)cc2)CC1,-0.09691001300805639
E-0014913,CC1(C)CN(CCOc2ccc(-c3ccc4ccncc4c3)cc2)CCO1,0.08990511143939793
E-0013595,CCOc1ccc2c(c1)[nH]c1c(=O)n(CCCN3CCCCC3)ccc12,0.11727129565576427
E-0014107,CN1CCC[C@@H](Cn2ccc3c([nH]c4cc(OCC5CC5)ccc43)c2=O)C1,-0.11918640771920865
E-0014659,O=C(NCCCN1CCCCC1)c1ccnc2c1[nH]c1cc(Cl)ccc12,-0.25181197299379954
E-0015148,NC(=O)Cn1cc(Nc2cccc(-c3cccnc3)n2)ccc1=O,1.6527296960692475
E-0015087,N#Cc1cc(Cl)c2[nH]c3c(=O)n(CCCN4CCCCC4)ccc3c2c1,0.2741578492636798
E-0014778,COc1cc2ocnc2cc1-c1cc(C(=O)N2CCN(c3ccc(Cl)cc3)CC2)[nH]n1,0.04532297878665747
E-0014736,c1cc2ccc(-c3cnn(CCN4CCOCC4)c3)cc2cn1,-0.12493873660829993
E-0014904,NC(=O)Cc1cccc(Nc2nccc(-c3cccnc3Cl)n2)n1,0.19589965240923374
E-0012856,CN1CCC(c2cccc(Nc3nccc(-c4cc(F)cc(N5CCOCC5)c4)n3)c2)CC1,-0.10237290870955855
E-0014990,Clc1cncc(O[C@H]2C[C@]3(CCN(Cc4n[nH]c5ccccc45)C3)C2)c1,0.10380372095595687
E-0014419,COc1cncc(-n2cnc3ccc(OCCCN4CCCC4)cc32)c1,0.40312052117581787
E-0013520,Cc1ccc2[nH]nc(C(=O)N3CCC(=O)N(Cc4ccc(Cl)cc4)CC3)c2c1,-0.08618614761628333
E-0014607,Cc1[nH]nc(C(=O)N2CCC(Oc3ccc4ncn(C)c4c3)CC2)c1Cl,1.2474822606770544
E-0012807,CS(=O)(=O)Nc1cccc(-c2ccnc(Nc3ccc(CN4CCC(F)(F)CC4)cc3)n2)c1,-0.1366771398795441
E-0014858,c1cc2cnc(-c3ccc(OCCN4CCNCC4)cc3)cc2cn1,0.22788670461367355
E-0014533,CN1CCC[C@@H](Cn2ccc3c([nH]c4cc(F)ccc43)c2=O)C1=O,-0.14266750356873156
E-0014590,CNC(=O)Cc1cc(Nc2nccc(-c3cccnc3)n2)ccn1,1.151982395457474
E-0012831,Nc1c[nH]nc1C(=O)N1CCC(Oc2ccc(Cl)cc2)CC1,-0.040958607678906384
E-0012246,Nc1cc2oc(=O)[nH]c2cc1-n1cc(OCCN2CCCCC2)cn1,0.17609125905568124
E-0014698,FC1(F)CN(CCOc2ccc(-c3ccc4ccncc4c3)cc2)C1,-0.045757490560675115
E-0014762,c1cncc(-c2cccc(Nc3ccc(CCN4CCC4)nc3)n2)c1,0.92272545799326
E-0014046,COc1ccc(Nc2nccc(N(CCc3ccncc3)C3CC3)n2)cc1,-0.23657200643706278
E-0014550,FC1(F)CN(CCc2ccc(Nc3ccn(-c4ccccn4)n3)cc2)C1,-0.1938200260161128
E-0013596,COCC1CN(Cc2ccc(N3CCN(C(=O)c4cn(C)c5ncccc45)CC3)cc2F)C1,0.15836249209524964
E-0014406,COCC1CN(Cc2ccc(N3C[C@@H](C)N(C(=O)c4cn(C)c5ncccc45)[C@@H](C)C3)cc2)C1,-0.0506099933550872
E-0012133,COC1CN(Cc2ccc(N3CCN(C(=O)c4c(C)n(C)c5ccccc45)CC3)cc2)C1,-0.060480747381381476
E-0014547,CN(c1cccc(-c2cccnc2)n1)c1ccnn1CC1CCNCC1,1.4726101975960446
E-0013947,c1ncc2cc(-c3ccc(OCCN4CCCCC4)cc3)ccc2n1,0.2576785748691845
E-0014399,CCOC1CCN(C(=O)c2cc(-c3ccc(OC)cc3OC)[nH]n2)CC1,0.15228834438305647
E-0014968,Fc1c(OCCN2CCOCC2)ccc(-c2ccc3ccncc3c2)c1F,0.1643528557844371
E-0014453,COc1ccc(-c2[nH]nc(C(=O)N3CCC(Oc4ccc(Cl)cc4)CC3)c2C)c(OC)c1,0.6730209071288962
E-0012894,COc1ccc2[nH]c3c(=O)n(CC4(CN5CCCCC5)CC4)ccc3c2c1,-0.08618614761628333
E-0014644,O=C(c1n[nH]c2ccccc12)N1CCC(O[C@H]2CN3CCC2CC3)CC1,0.9242792860618817
E-0013717,CN1CCC[C@@H](Cn2cnc3c4cc(OCC(F)F)ccc4n(C)c3c2=O)C1,-0.1366771398795441
E-0012757,COc1ccc2[nH]c3c(=O)n([C@H](C)CCN4CCCCC4)cnc3c2c1,0.02530586526477026
E-0013663,c1cc(OCCN2CCCCC2)cc(-c2ccc3ccncc3n2)c1,-0.1549019599857432
E-0014922,Cc1c(N)c(-c2ccc(OCCN3CCOCC3)cc2)cc2cnccc12,-0.045757490560675115
E-0013517,Fc1ccc(F)c(-c2ccnc(Nc3ccc(CN4CCOCC4)cc3)n2)c1,-0.22184874961635637
E-0012830,Cn1cc(C(=O)N2CCN(Cc3ccc(Cl)cc3)CC2)c2ccccc21,-0.0809219076239261
E-0015067,CN(CCOc1ccc(-c2ccc3ccncc3c2)cc1)C1COC1,-0.16115090926274472
E-0014605,Cn1cnc2ccc(OC3CCN(C(=O)c4n[nH]c5cccnc45)CC3)cc21,1.8334021292318585
E-0014424,NC(=O)Cc1cccc(Nc2cccc(-c3cnccn3)n2)n1,0.06069784035361165
E-0014781,O=C(c1n[nH]cc1C#Cc1cncs1)N1CCC(CN2CCC(F)(F)CC2)CC1,0.09342168516223506
E-0014788,COc1ccc(C(F)(F)F)c2[nH]c3c(=O)n(CCCN4CCCCC4)ccc3c12,0.13987908640123647
E-0014552,Fc1cccc(-c2ccnc(Nc3ccc(CN4CCCCC4)cc3)c2)c1,-0.07572071393811836
E-0015017,CN1CCN(Cc2ccc(Nc3nccc(-c4cc(F)cc(N5CCOCC5)c4)n3)cc2)CC1,-0.060480747381381476
E-0012816,COc1ccc2c(C(=O)N3CCC(Oc4ccc(Cl)cn4)CC3)n[nH]c2c1,-0.07572071393811836
E-0012250,Fc1cc(-c2ccnc(Nc3cccc(C4CCNCC4)c3)n2)cc(N2CCOCC2)c1,0.5563025007672873
E-0012925,O=C(c1n[nH]c2ccccc12)N1CCC(c2ccc(CN3CC(F)C3)cc2)CC1,-0.10790539730951959
E-0011899,O=C(c1n[nH]c2ccccc12)N1CCN(Cc2ccccc2Cl)CC1,-0.2676062401770315
E-0013497,CN1CCC(c2ccc(Nc3cccc(-c4cccc(F)c4)n3)cc2)C1,-0.1549019599857432
E-0014870,COc1ccc(Nc2nccc(N(CCCc3ccncc3)C3CC3)n2)cc1,0.008600171761917567
E-0014545,CN1CCC(Cn2nccc2N(C)c2cccc(-c3cccnc3)n2)CC1,0.3424226808222063
E-0014720,CC(=O)N[C@@H](C)COc1ccc([N+](=O)[O-])c(-c2cc(-c3ccncc3)ccn2)c1,0.6424645202421213
E-0014621,Cn1cc(Cn2ccc3c4ccc(Cl)cc4n(C)c3c2=O)ccc1=O,0.1205739312058499
E-0014019,O=C1CCc2cc(-n3ccc(OCC4CNC4)n3)ccc2N1,0.6242820958356683
E-0014651,O=C(c1n[nH]c2ccccc12)N1[C@@H]2CC[C@H]1C[C@H](OC1CCN(C3CC3)CC1)C2,0.12385164096708583
E-0014637,Fc1cccc(-c2ccnc(Nc3ccc(CCN4CCC4)cc3)c2)c1,0.17026171539495738
E-0012232,FC(F)(F)c1cccc(-c2ccnc(Nc3ccc(CN4CCOCC4)cc3)n2)c1,-0.06550154875643228
E-0014859,c1cc2ccc(-c3ccc(OCCN4CCC4)cc3)cc2cn1,0.029383777685209667
E-0012222,O=C(c1cc[nH]n1)N1CCC(Oc2ccc(Cl)cc2)CC1,-0.22184874961635637
E-0014871,COc1ncc(Oc2cccc(N(CCc3ccncc3)C3CC3)c2)cn1,-0.14874165128092473
E-0015032,O=C(c1n[nH]cc1C#Cc1cncs1)N1C[C@H]2CC[C@@H](C1)[C@@H]2Oc1cncc(Cl)c1,0.17609125905568124
E-0015037,O=C(c1[nH]ncc1-c1ccc2ncsc2c1)N1C[C@H]2CC[C@@H](C1)[C@@H]2Oc1cncc(Cl)c1,0.35793484700045375
E-0014482,O=C1Cc2ccc(-n3cc(OCC4CNC4)cn3)cc2N1,0.36172783601759284
E-0014908,O=C(Cn1cccc(Nc2cccc(-c3cccnc3)n2)c1=O)N1CCC(F)(F)CC1,-0.1549019599857432
E-0014403,O=C(c1n[nH]c2cccnc12)N1CCN(Cc2ccc(Cl)c(F)c2)CC1,0.17609125905568124
E-0014452,COc1cc(F)ccc1-c1cc(C(=O)N2CCC(OC3CCN(C4CC4)CC3)CC2)[nH]n1,0.28330122870354957
E-0012791,COc1cccc(Nc2cc(C)nc3ccc(-c4ncc[nH]4)cc23)c1,0.693726948923647
E-0013810,COc1ccc2[nH]c3c(=O)n([C@@H](C)CCN4CCCCC4)ccc3c2c1,-0.00877392430750515
E-0013686,COCC1CN(Cc2ccc(N3CCN(C(=O)c4cn(C)c5nc(C6CC6)ccc45)CC3)cc2)C1,-0.07572071393811836
E-0012173,C[C@H](Nc1cc(-c2ccccc2)[nH]c(=O)n1)c1ccccc1,0.23299611039215382
E-0012920,COC1CCN(CCOc2cnn(-c3ccc4ccncc4c3)c2)CC1,0.01703333929878037
E-0011943,CC(=O)Nc1cccc(-c2ccnc(Nc3ccc(CN4CCOCC4)cc3)n2)c1,0.05307844348341968
E-0014524,O=C(c1cccc2[nH]ncc12)N1CCC(OC2CCN(C3CC3)CC2)CC1,0.3344537511509309
E-0015069,CN(CCOc1ccc(-c2ccc3ccncc3c2)cc1)C1CCC1,0.06445798922691845
E-0013579,c1cc(-c2ccnc(Nc3ccc(C4CCNCC4)cc3)n2)cc(N2CCOCC2)c1,0.10037054511756291
E-0014936,O=C(c1cc(C#Cc2cncs2)n[nH]1)N1CCC(OC2CCN(C3CC3)CC2)CC1,0.11727129565576427
E-0013510,COCCCN[C@@H](C)COc1cnn(-c2ccc3ccncc3c2)c1,-0.12493873660829993
E-0014447,CCOC1CCN(C(=O)c2n[nH]cc2-c2ccc3ncsc3c2)CC1,0.36172783601759284
E-0014848,Fc1cccc(-n2ccc(Nc3ccc(CCN4CC(F)(F)C4)cc3)n2)c1,0.1205739312058499
E-0012783,COc1ccc2[nH]c3c(=O)n(CC(C)(C)CN4CCCCC4)ccc3c2c1,0.012837224705172217
E-0012205,N#Cc1cccc(-c2ccnc(Nc3ccc(CN4CCOCC4)cc3)n2)c1,-0.10790539730951959
E-0012885,CN1CCN(c2ccc(Nc3cccc(-c4cccc(F)c4)n3)cc2)CC1,0.19589965240923374
E-0014543,NC(=O)Cc1cccc(Nc2cccc(-c3cnsc3)n2)n1,0.07554696139253074
E-0013645,Cc1[nH]nc(C(=O)N2CCC(Oc3ccc(Cl)cc3)CC2)c1-c1ccccc1,0.04532297878665747
E-0013525,CN(C)Cc1cccc(OC2CCN(C(=O)c3n[nH]cc3-c3ccccc3)CC2)c1,0.5943925503754267
E-0014823,O=C(c1n[nH]c2cc(-c3ccccn3)cnc12)N1CCC(Oc2cncc(Cl)c2)CC1,0.9503648543761231
E-0014647,O=C(c1n[nH]c2cnc(-c3ccccn3)cc12)N1CCC(OC2CCN(C3CC3)CC2)CC1,0.617000341120899
E-0012892,O=C(c1n[nH]c2ccncc12)N1CCC(Oc2ccc(Cl)cc2)CC1,-0.060480747381381476
E-0015125,Fc1ccc2[nH]nc(CN3C[C@H]4CC[C@@H](C3)[C@@H]4Oc3cncc(Cl)c3)c2n1,-0.1549019599857432
E-0014368,COc1cc2[nH]c3c(=O)n(C[C@@H]4CCCN(C)C4)ccc3c2cn1,0.04921802267018165
E-0014502,CN(c1cc(-c2cccnc2)ccn1)c1ccnn1CC1CCNCC1,1.6302244107524322
E-0012775,N#Cc1ccc(OC2CCN(C(=O)c3n[nH]c4cc(F)ccc34)CC2)cc1,-0.08618614761628333
E-0014630,NC(=O)Cc1ccc(Nc2ccn(-c3ccccn3)n2)nc1,0.06445798922691845
E-0012847,Nc1cc2c(cc1-n1ccc(OCCN3CCCCC3)n1)NC(=O)CC2,0.26245108973042947
E-0012822,O=c1c2[nH]c3ccc(OC(F)(F)F)cc3c2ccn1CCCN1CCCCC1,-0.07572071393811836
E-0014548,CN(c1cccc(-c2cccc(F)c2)n1)c1nccn1CC1CCNCC1,1.5087989654039051
E-0015099,Nc1cc(-c2ccc(OCCN3CCCCC3)cc2)cc2cnccc12,-0.0506099933550872
E-0014556,CN1CCN(Cc2ccc(Nc3cccc(-c4cccc(F)c4)n3)cc2)CC1,0.08278537031645007
E-0014639,CN(c1cc(-c2cccnc2)ccn1)c1cccc(CC(N)=O)n1,0.146128035678238
E-0014940,COc1cncc(OC2CCN(C(=O)c3cc(-c4cc5ncn(C)c5cc4OC)n[nH]3)CC2)c1,1.9150831016512004
E-0012913,Cc1ccc2[nH]nc(C(=O)N3CCC(Oc4ncc(Cl)cn4)CC3)c2c1,0.01703333929878037
E-0012198,Cn1cc(C(=O)N2CCN(c3ccc(CN4CC5(CCCO5)C4)cc3)CC2)c2cccnc21,0.11394335230683678
E-0014420,CN1CCC(Cn2cc(N(C)c3nccc(-c4cccnc4)n3)cn2)CC1,0.35793484700045375
E-0014840,O=C(c1n[nH]c2ccc(Cl)cc12)N1CCC(Oc2cncc(Cl)c2)CC1,-0.09151498112135022
E-0014796,CN1CCN(CCCOc2ccc3sc4c(c3c2)SCCN(C)C4=O)CC1,0.12385164096708583
E-0014956,O=C(NCc1cccc(Nc2cccc(-c3cccnc3)n2)n1)C1CCC1,0.10720996964786837
E-0012870,O=c1c2[nH]cc(-c3cccnc3)c2ncn1CCN1CCCCC1,0.04921802267018165
E-0012799,Fc1cccc(-c2nccc(Nc3ccc(CN4CCOCC4)cc3)n2)c1,-0.08618614761628333
E-0012200,C[C@@H](Nc1nc(-c2ccccc2)cc(=O)[nH]1)c1ccccc1,-0.16749108729376366
E-0014591,CNC(=O)Cc1cccc(Nc2nccc(-c3cccnc3)n2)n1,0.1643528557844371
E-0011952,O=C(c1n[nH]c2ccccc12)N1CCN(Cc2ccc(Cl)cc2F)CC1,-0.16749108729376366
E-0014856,CC(C)NCCOc1ccc(-c2ccc3ccncc3n2)cc1,0.07554696139253074
E-0013809,COc1ccc2[nH]c3c(=O)n([C@H](C)CCN4CCCCC4)ccc3c2c1,0.021189299069938092
E-0013651,O=C(c1[nH]ncc1-c1ccccc1)N1CCC(Oc2cncc(Cl)c2)CC1,0.11394335230683678
E-0013509,COC1CN(Cc2ccc(N3CCN(C(=O)c4cn(C)c5ccc(F)cc45)CC3)cc2)C1,0.08278537031645007
E-0014581,O=c1c2[nH]c3cc(O)ncc3c2ccn1CCCN1CCCCC1,-0.07572071393811836
E-0014536,c1ccc(CNc2nc(OCCN3CCCCC3)ccc2-c2ncccn2)cc1,-0.1366771398795441
E-0013589,O=C(c1n[nH]cc1C1CCCCC1)N1CCC(Oc2ccc(Cl)cc2)CC1,-0.01322826573375516
E-0014495,CC(=O)Nc1cncc(Nc2cccc(-c3cccnc3)n2)c1,1.568201724066995
E-0014931,O=C(c1n[nH]c2cncnc12)N1CCC(Oc2ccc(Cl)cc2)CC1,-0.004364805402450088
E-0014549,NC(=O)Cc1cc(Nc2nccc(-c3cccnc3)n2)ccn1,0.7347998295888469
E-0014365,Cn1c2cc(Cl)ncc2c2ccn(CCCN3CCCCC3)c(=O)c21,-0.1549019599857432
E-0014912,c1cc2ccc(-c3ccc(OCCN4CC5(COC5)C4)cc3)cc2cn1,0.11394335230683678
E-0014445,COc1cc2ocnc2cc1-c1cc(C(=O)N2CCC(Oc3ccc(Cl)cc3)CC2)on1,-0.23657200643706278
E-0013505,O=C(c1n[nH]cc1-c1ccccc1)N1CCC(Oc2ccc(C(F)F)cc2)CC1,-0.01322826573375516
E-0014363,CN1CCC[C@@H](Cn2nc3c(cc2=O)c2ccc(Cl)cc2n3C)C1,-0.1938200260161128
E-0014746,COc1ccc(N(C)c2nccc(N(CCc3ccncc3)C3CC3)n2)cc1,-0.1366771398795441
E-0014915,Cn1ncc2cc(-c3ccc(OCCN4CCOCC4)cc3)ccc21,-0.1549019599857432
E-0015044,N#Cc1cc2c(cc1F)[nH]c1c(=O)n(CCCN3CCCCC3)ccc12,0.290034611362518
E-0012236,COc1cccc2[nH]c3c(=O)n(CCCN4CCCCC4)ccc3c12,-0.045757490560675115
E-0014335,NC(=O)Cc1cccc(Nc2cccc(-c3cncs3)n2)n1,0.3344537511509309
E-0014803,COc1cc2ccncc2cc1-c1ccc(OCCN2CCCC2)cc1,-0.11918640771920865
E-0014553,CC(=O)Nc1cccc(Nc2nccc(-c3cccnc3)n2)n1,-0.1804560644581313
E-0014557,CN1CCN(Cc2ccc(Nc3cc(-c4cccc(F)c4)ccn3)cc2)CC1,0.14301480025409505
E-0014596,CNC(=O)Cc1cccc(Nc2cc(-c3cccnc3)ccn2)n1,0.46834733041215726
E-0014665,COc1ccc(N2CCC(OC3CC3)CC2)cc1-c1n[nH]c2cccnc12,-0.12493873660829993
E-0014837,O=C(c1n[nH]cc1-c1ccc2ncsc2c1)N1CCC(CN2CCCCC2)CC1,0.8234742291703011
E-0013621,O=C(c1[nH]nc2ccccc12)N1CCC(Oc2ccc(C(F)(F)F)nc2)CC1,-0.01322826573375516
E-0014989,Clc1cncc(O[C@H]2C[C@]3(CCN(Cc4n[nH]c5cccnc45)C3)C2)c1,0.3364597338485295
E-0012929,Cc1ccc2[nH]nc(C(=O)N3CCN(C(=O)c4ccc(Cl)cc4)CC3)c2c1,0.5646660642520893
E-0015057,Clc1cc(-c2ccc(OCCN3CCCCC3)cc2)cc2cnccc12,0.13033376849500614
E-0012916,COCC1CN(Cc2ccc(N3CCN(C(=O)c4cnc5ccccn45)CC3)cc2)C1,0.11394335230683678
E-0014952,CNCCc1cccc(Nc2cccc(-c3cccnc3)n2)n1,0.9365137424788933
E-0012800,Fc1cccc(-c2cc(Nc3ccc(CN4CCOCC4)cc3)ncn2)c1,0.1367205671564068
E-0014520,O=C(c1cccc2cn[nH]c12)N1CCC(Oc2cncc(Cl)c2)CC1,0.06445798922691845
E-0014930,Cc1cc(OCCN2CCOCC2)ccc1-c1ccc2ccncc2c1,0.029383777685209667
E-0012129,COC1CN(Cc2ccc(N3CCN(C(=O)c4cc(-c5ccccc5)n(C)n4)CC3)cc2)C1,-0.10237290870955855
E-0014654,COc1ccc(Oc2nccc(N(CCc3ccncc3)C3CC3)n2)cc1,-0.16749108729376366
E-0015138,O=C(c1n[nH]c2cc(Cl)ccc12)N1C[C@H]2CC[C@@H](C1)[C@@H]2Oc1cncc(Cl)c1,0.1846914308175988
E-0014960,c1cc(OCCN2CCCCC2)cc(-c2cc(-c3ccncc3)ccn2)c1,-0.031517051446064856
E-0014632,Fc1cccc(-c2ccnc(Nc3ccc(CN4CCN(C5CC5)CC4)cc3)n2)c1,0.15228834438305647
E-0015039,Cn1ccc2c([nH]c3c(CCN4CCCCC4)cccc32)c1=O,0.17897694729316943
E-0013532,COCC1CN(Cc2ccc(N3CCN(C(=O)c4cn(C)c5ncc(OC)cc45)CC3)cc2)C1,0.42324587393680785
E-0014148,CNC(=O)N1CCC(OC2CCN(C(=O)c3n[nH]cc3-c3ccc4ncsc4c3)CC2)CC1,1.3318320444362486
E-0014531,O=C(c1cccc2cc[nH]c12)N1CCC(OC2CCN(C3CC3)CC2)CC1,-0.1549019599857432
E-0014578,COc1cncc(OC2CCN(C(=O)c3n[nH]c4cccnc34)CC2)c1,1.1169396465507557
E-0014851,C[C@@H](CN(C)C)NC(=O)c1nccc2ccc(-c3ccc(OCCN4CCC(F)(F)CC4)cc3)cc12,0.5943925503754267
E-0011927,Cc1cc(-c2ccncn2)cc2c3cc(OCCCN4CCCC4)ccc3n(C)c12,-0.13076828026902382
E-0012862,O=C(c1n[nH]c2ccccc12)N1CCC(Oc2ccc(C(F)F)cc2)CC1,-0.0506099933550872
E-0014735,c1cc2ccc(-c3cnn(CCN4CCCCC4)c3)cc2cn1,-0.3279021420642826
E-0013588,O=C(c1[nH]ccc1-c1ccccc1)N1CCC(Oc2ccc(Cl)cc2)CC1,0.029383777685209667
E-0013695,CN1C(=O)CCc2ccc(-c3cc(OCCN4CCCCC4)ccn3)cc21,-0.11918640771920865
E-0014696,COCCC(=O)Nc1cccc(-c2ccc3ccncc3c2)c1,-0.13076828026902382
E-0014715,COc1ccnc(-c2ccc(OCCN3CCCCC3)nc2NCc2ccccc2)n1,0.07918124604762482
E-0013523,c1cc(CCNc2ccnc(Nc3ccc(N4CCOCC4)cc3)n2)ccn1,0.1553360374650618
E-0014924,Fc1cc(CN2CCOCC2)ccc1Nc1nccc(-c2ccnnc2)n1,-0.09691001300805639
E-0014414,Cn1c2ccc(OCCn3cc(C#N)cn3)cc2c2ccn(CCCN3CCCCC3)c(=O)c21,0.10380372095595687
E-0014166,O=c1c2[nH]c3cc(Cl)ncc3c2ccn1CCCN1CCCCC1,0.08990511143939793
E-0012852,CN1CCN(c2ccc(Nc3nccc(-c4cccc(F)c4)n3)cc2)CC1,-0.060480747381381476
E-0012896,O=c1c2[nH]c3cccc(Cl)c3c2ccn1CCCN1CCCCC1,-0.1804560644581313
E-0013598,CCOc1ccc2[nH]c3c(=O)n(CCCN4CCCCC4)cnc3c2c1,0.12710479836480765
E-0012845,Nc1ccc(OCCN2CCCCC2)cc1-c1cc2cnccc2cn1,-0.03621217265444471
E-0014738,c1ncc2cc(-c3cnn(CCN4CCCCC4)c3)ccc2n1,-0.11350927482751812
E-0015091,FC1(F)CN(CCOc2ccc(-c3cc4cnccc4cc3Cl)cc2)C1,0.10720996964786837
E-0014583,N#CCCc1cccc(Nc2cccc(-c3cccnc3)n2)n1,-0.12493873660829993
E-0011882,c1cc2ccc(-n3cc(OCCN4CCCCC4)cn3)cc2nn1,-0.031517051446064856
E-0014417,Cn1cc(CC#N)c2cc(OCCCN3CCCC3)ccc21,0.03742649794062367
E-0011874,O=C(c1n[nH]c2ccccc12)N1CCN(Cc2ccc(C(F)(F)F)cc2)CC1,0.0
E-0014961,Cc1cc(-c2ccncc2)cc(-c2cccc(OCCN3CCCCC3)c2)c1N,0.42813479402878885
E-0012793,O=C(c1n[nH]c2cc(F)ccc12)N1CCC(Oc2ccc(Cl)cn2)CC1,0.03742649794062367
E-0014728,c1cncc(-c2cccc(Nc3cccc4cc(OC5CNC5)ccc34)n2)c1,0.3873898263387294
E-0013849,COc1cncc(-c2cn(C)c3ccc(OC4CNC4)cc23)c1,0.04532297878665747
E-0014849,c1cc2ccc(-c3ccc(CCCN4CCCCC4)cc3)cc2cn1,0.1367205671564068
E-0014575,COc1cncc(OC2CCN(C(=O)c3cc(-c4ccccc4OC)[nH]n3)CC2)c1,0.24551266781414982
E-0014539,N#CCc1cccc(Nc2cccc(-c3cccnc3)n2)n1,-0.16115090926274472
E-0014551,Fc1cccc(-c2cccc(Nc3ccc(CN4CCCCC4)cc3)n2)c1,0.004321373782642578
E-0014937,Clc1cncc(OC2CCN(Cc3n[nH]c4cccnc34)C3(CC3)C2)c1,-0.03621217265444471
E-0014918,Cn1cnc2cc(-c3ccc(OCCN4CCOCC4)cc3)ccc21,-0.10237290870955855
E-0014523,O=C(c1cccc2[nH]ncc12)N1CCC(Oc2cncc(Cl)c2)CC1,0.14301480025409505
E-0013911,CC(C)Nc1ccc(-c2cn(C)c3ccc(OCCCN4CCCC4)cc23)cn1,-0.3010299956639812
E-0014684,NC(=O)Cc1cccc(Nc2cncc(-c3cccnc3)n2)n1,1.3390537357091392
E-0014789,COc1ccc(C(F)(F)F)c2c1c1cc[nH]c(=O)c1n2CCCN1CCCCC1,0.0
